SEQ,HEAT_NO,STRAND_NO,MARKING_CODE,CUT_START_TIME,CUT_END_TIME,MOLD_START_TIME,MOLD_END_TIME,TORCH_LENGTH,CAST_LENGTH,CAST_SPEED,REAL_CUT_LENGTH,WEIGHT
8182683,4G8148,2,4G814820815803,2023/07/04 11:50:57,2023/07/04 11:53:11,2023/07/04 11:24:04,2023/07/04 11:26:18,8158,789,1.06,8278,2608
8182705,4G8148,1,4G814810815803,2023/07/04 11:51:36,2023/07/04 11:53:45,2023/07/04 11:24:44,2023/07/04 11:26:53,8158,794,1.061,8358,2602
8182744,4G8148,6,4G814860815804,2023/07/04 11:59:02,2023/07/04 12:01:13,2023/07/04 11:34:53,2023/07/04 11:37:04,8158,800,1.18,8278,2586
8182746,4G8148,5,4G814850815804,2023/07/04 11:59:24,2023/07/04 12:01:23,2023/07/04 11:35:14,2023/07/04 11:37:13,8158,801,1.179,8298,2596
8182723,4G8148,4,4G814840815804,2023/07/04 11:58:36,2023/07/04 12:00:37,2023/07/04 11:34:26,2023/07/04 11:36:27,8158,794,1.179,8268,2606
8182743,4G8148,3,4G814830815804,2023/07/04 11:59:00,2023/07/04 12:00:59,2023/07/04 11:34:51,2023/07/04 11:36:50,8158,799,1.18,8328,2610
8182724,4G8148,2,4G814820815804,2023/07/04 11:58:38,2023/07/04 12:00:42,2023/07/04 11:34:28,2023/07/04 11:36:32,8158,798,1.179,8258,2618
8182745,4G8148,1,4G814810815804,2023/07/04 11:59:15,2023/07/04 12:01:14,2023/07/04 11:35:02,2023/07/04 11:37:01,8158,802,1.177,8328,2588
8182784,4G8148,6,4G814860815805,2023/07/04 12:06:04,2023/07/04 12:08:15,2023/07/04 11:41:54,2023/07/04 11:44:05,8158,808,1.179,8278,2586
8182803,4G8148,5,4G814850815805,2023/07/04 12:06:25,2023/07/04 12:08:24,2023/07/04 11:42:16,2023/07/04 11:44:15,8158,809,1.18,8298,2586
8182763,4G8148,4,4G814840815805,2023/07/04 12:05:35,2023/07/04 12:07:36,2023/07/04 11:41:25,2023/07/04 11:43:26,8158,802,1.179,8268,2584
8182783,4G8148,3,4G814830815805,2023/07/04 12:06:02,2023/07/04 12:08:02,2023/07/04 11:41:53,2023/07/04 11:43:53,8158,807,1.18,8328,2610
8182764,4G8148,2,4G814820815805,2023/07/04 12:05:36,2023/07/04 12:07:42,2023/07/04 11:41:26,2023/07/04 11:43:32,8158,806,1.179,8258,2616
8182785,4G8148,1,4G814810815805,2023/07/04 12:06:15,2023/07/04 12:08:15,2023/07/04 11:42:06,2023/07/04 11:44:06,8158,811,1.18,8328,2588
8182844,4G8148,6,4G814860815806,2023/07/04 12:13:05,2023/07/04 12:15:16,2023/07/04 11:48:56,2023/07/04 11:51:07,8158,817,1.18,8278,2586
8182846,4G8148,5,4G814850815806,2023/07/04 12:13:26,2023/07/04 12:15:25,2023/07/04 11:49:16,2023/07/04 11:51:15,8158,817,1.179,8298,2588
8182823,4G8148,4,4G814840815806,2023/07/04 12:12:34,2023/07/04 12:14:34,2023/07/04 11:48:24,2023/07/04 11:50:24,8158,810,1.179,8268,2576
8182843,4G8148,3,4G814830815806,2023/07/04 12:13:04,2023/07/04 12:15:04,2023/07/04 11:48:54,2023/07/04 11:50:54,8158,815,1.179,8328,2614
8182824,4G8148,2,4G814820815806,2023/07/04 12:12:35,2023/07/04 12:14:39,2023/07/04 11:48:25,2023/07/04 11:50:29,8158,814,1.179,8258,2612
8182845,4G8148,1,4G814810815806,2023/07/04 12:13:18,2023/07/04 12:15:17,2023/07/04 11:49:08,2023/07/04 11:51:07,8158,819,1.179,8328,2596
8182884,4G8148,6,4G814860815807,2023/07/04 12:20:06,2023/07/04 12:22:12,2023/07/04 11:55:54,2023/07/04 11:58:00,8158,825,1.178,8278,2584
8182886,4G8148,5,4G814850815807,2023/07/04 12:20:27,2023/07/04 12:22:26,2023/07/04 11:56:17,2023/07/04 11:58:16,8158,825,1.179,8298,2594
8182863,4G8148,4,4G814840815807,2023/07/04 12:19:33,2023/07/04 12:21:33,2023/07/04 11:55:23,2023/07/04 11:57:23,8158,819,1.179,8268,2564
8182883,4G8148,3,4G814830815807,2023/07/04 12:20:06,2023/07/04 12:22:05,2023/07/04 11:55:54,2023/07/04 11:57:53,8158,824,1.178,8328,2594
8182864,4G8148,2,4G814820815807,2023/07/04 12:19:33,2023/07/04 12:21:38,2023/07/04 11:55:25,2023/07/04 11:57:30,8158,822,1.181,8258,2612
8182885,4G8148,1,4G814810815807,2023/07/04 12:20:20,2023/07/04 12:22:19,2023/07/04 11:56:10,2023/07/04 11:58:09,8158,827,1.179,8328,2590
8182924,4G8148,6,4G814860815808,2023/07/04 12:27:08,2023/07/04 12:29:14,2023/07/04 12:02:58,2023/07/04 12:05:04,8158,833,1.179,8298,2612
8182943,4G8148,5,4G814850815808,2023/07/04 12:27:30,2023/07/04 12:29:28,2023/07/04 12:03:21,2023/07/04 12:05:19,8158,834,1.18,8308,2606
8182903,4G8148,4,4G814840815808,2023/07/04 12:26:33,2023/07/04 12:28:34,2023/07/04 12:02:23,2023/07/04 12:04:24,8158,827,1.179,8268,2608
8182923,4G8148,3,4G814830815808,2023/07/04 12:27:08,2023/07/04 12:29:07,2023/07/04 12:02:56,2023/07/04 12:04:55,8158,832,1.178,8328,2608
8182904,4G8148,2,4G814820815808,2023/07/04 12:26:31,2023/07/04 12:28:35,2023/07/04 12:02:22,2023/07/04 12:04:26,8158,831,1.18,8258,2626
8182925,4G8148,1,4G814810815808,2023/07/04 12:27:22,2023/07/04 12:29:22,2023/07/04 12:03:15,2023/07/04 12:05:15,8158,836,1.182,8328,2602
8182984,4G8149,6,4G814960815801,2023/07/04 12:34:10,2023/07/04 12:36:16,2023/07/04 12:10:00,2023/07/04 12:12:06,8158,841,1.179,8298,2610
8183004,4G8149,5,4G814950815801,2023/07/04 12:34:32,2023/07/04 12:36:30,2023/07/04 12:10:22,2023/07/04 12:12:20,8158,842,1.179,8308,2606
8182963,4G8149,4,4G814940815801,2023/07/04 12:33:33,2023/07/04 12:35:36,2023/07/04 12:09:23,2023/07/04 12:11:26,8158,835,1.179,8268,2624
8182983,4G8149,3,4G814930815801,2023/07/04 12:34:10,2023/07/04 12:36:10,2023/07/04 12:10:00,2023/07/04 12:12:00,8158,840,1.179,8328,2616
8182964,4G8149,2,4G814920815801,2023/07/04 12:33:30,2023/07/04 12:35:36,2023/07/04 12:09:21,2023/07/04 12:11:27,8158,839,1.18,8258,2608
8183003,4G8149,1,4G814910815801,2023/07/04 12:34:24,2023/07/04 12:36:24,2023/07/04 12:10:15,2023/07/04 12:12:15,8158,844,1.18,8328,2606
8183044,4G8149,6,4G814960815802,2023/07/04 12:41:11,2023/07/04 12:43:17,2023/07/04 12:17:01,2023/07/04 12:19:07,8158,850,1.179,8298,2610
8183064,4G8149,5,4G814950815802,2023/07/04 12:41:33,2023/07/04 12:43:32,2023/07/04 12:17:23,2023/07/04 12:19:22,8158,850,1.179,8308,2604
8183024,4G8149,4,4G814940815802,2023/07/04 12:40:32,2023/07/04 12:42:34,2023/07/04 12:16:23,2023/07/04 12:18:25,8158,844,1.18,8268,2628
8183043,4G8149,3,4G814930815802,2023/07/04 12:41:12,2023/07/04 12:43:11,2023/07/04 12:17:02,2023/07/04 12:19:01,8158,849,1.179,8328,2612
8183023,4G8149,2,4G814920815802,2023/07/04 12:40:29,2023/07/04 12:42:32,2023/07/04 12:16:17,2023/07/04 12:18:20,8158,847,1.178,8258,2610
8183063,4G8149,1,4G814910815802,2023/07/04 12:41:27,2023/07/04 12:43:27,2023/07/04 12:17:17,2023/07/04 12:19:17,8158,852,1.179,8328,2612
8183104,4G8149,6,4G814960815803,2023/07/04 12:48:12,2023/07/04 12:50:19,2023/07/04 12:24:03,2023/07/04 12:26:10,8158,858,1.18,8298,2614
8183123,4G8149,1,4G814910815803,2023/07/04 12:48:29,2023/07/04 12:50:29,2023/07/04 12:24:20,2023/07/04 12:26:20,8158,861,1.18,8328,2598
8183164,4G8149,6,4G814960815804,2023/07/04 12:55:13,2023/07/04 12:57:19,2023/07/04 12:31:04,2023/07/04 12:33:10,8158,866,1.18,8268,2604
8183203,4G8149,5,4G814950815804,,,,,8158,,1.14,,2604
8183144,4G8149,4,4G814940815804,2023/07/04 12:54:32,2023/07/04 12:56:34,2023/07/04 12:30:22,2023/07/04 12:32:24,8158,860,1.179,8268,2602
8183163,4G8149,3,4G814930815804,2023/07/04 12:55:14,2023/07/04 12:57:15,2023/07/04 12:31:04,2023/07/04 12:33:05,8158,865,1.179,8328,2616
8183143,4G8149,2,4G814920815804,2023/07/04 12:54:26,2023/07/04 12:56:31,2023/07/04 12:30:18,2023/07/04 12:32:23,8158,864,1.181,8258,2576
8183183,4G8149,1,4G814910815804,2023/07/04 12:55:31,2023/07/04 12:57:31,2023/07/04 12:31:21,2023/07/04 12:33:21,8158,869,1.179,8328,2592
8183244,4G8149,6,4G814960815805,2023/07/04 13:02:13,2023/07/04 13:04:19,2023/07/04 12:38:01,2023/07/04 12:40:07,8158,875,1.178,8268,2600
8183263,4G8149,5,4G814950815801,2023/07/04 13:04:26,2023/07/04 13:06:25,2023/07/04 12:39:39,2023/07/04 12:41:38,8158,867,1.15,8308,2610
8183224,4G8149,4,4G814940815805,2023/07/04 13:01:31,2023/07/04 13:03:32,2023/07/04 12:37:21,2023/07/04 12:39:22,8158,868,1.179,8248,2604
8183243,4G8149,3,4G814930815805,2023/07/04 13:02:15,2023/07/04 13:04:14,2023/07/04 12:38:08,2023/07/04 12:40:07,8158,874,1.182,8298,2600
8183223,4G8149,2,4G814920815805,2023/07/04 13:01:26,2023/07/04 13:03:29,2023/07/04 12:37:13,2023/07/04 12:39:16,8158,872,1.177,8258,2572
8183343,4G8149,6,4G814960815806,2023/07/04 13:10:28,2023/07/04 13:12:34,2023/07/04 12:45:40,2023/07/04 12:47:46,8158,878,1.149,8268,2584
8183304,4G8149,4,4G814940815801,2023/07/04 13:09:40,2023/07/04 13:11:43,2023/07/04 12:44:52,2023/07/04 12:46:55,8158,872,1.149,8248,2602
8183323,4G8149,3,4G814930815801,2023/07/04 13:10:20,2023/07/04 13:12:20,2023/07/04 12:45:32,2023/07/04 12:47:32,8158,877,1.149,8298,2598
8183303,4G8149,2,4G814920815801,2023/07/04 13:09:27,2023/07/04 13:11:31,2023/07/04 12:44:40,2023/07/04 12:46:44,8158,876,1.15,8258,2578
8183283,4G8149,1,4G814910815805,2023/07/04 13:08:54,2023/07/04 13:10:54,2023/07/04 12:44:06,2023/07/04 12:46:06,8158,874,1.149,8328,2608
8183463,4G8149,6,4G814960815807,2023/07/04 13:17:40,2023/07/04 13:19:47,2023/07/04 12:52:52,2023/07/04 12:54:59,8158,878,1.149,8268,2602
8183424,4G8149,4,4G814940815802,2023/07/04 13:16:50,2023/07/04 13:18:50,2023/07/04 12:52:03,2023/07/04 12:54:03,8158,872,1.15,8248,2608
8183443,4G8149,3,4G814930815802,2023/07/04 13:17:33,2023/07/04 13:19:34,2023/07/04 12:52:45,2023/07/04 12:54:46,8158,877,1.149,8298,2606
8183423,4G8149,2,4G814920815802,2023/07/04 13:16:36,2023/07/04 13:18:40,2023/07/04 12:51:49,2023/07/04 12:53:53,8158,876,1.15,8258,2578
8183383,4G8149,1,4G814910815806,2023/07/04 13:16:07,2023/07/04 13:18:05,2023/07/04 12:51:20,2023/07/04 12:53:18,8158,874,1.15,8328,2602
8183663,4G8149,6,4G814960815808,,,,,8158,,0,,2846
8183124,4G8149,5,4G814950815803,2023/07/04 12:48:35,2023/07/04 12:50:34,2023/07/04 12:24:25,2023/07/04 12:26:24,8158,859,1.179,8308,2626
8183084,4G8149,4,4G814940815803,2023/07/04 12:47:31,2023/07/04 12:49:33,2023/07/04 12:23:21,2023/07/04 12:25:23,8158,852,1.179,8268,2600
8183103,4G8149,3,4G814930815803,2023/07/04 12:48:13,2023/07/04 12:50:12,2023/07/04 12:23:59,2023/07/04 12:25:58,8158,857,1.176,8328,2638
8183083,4G8149,2,4G814920815803,2023/07/04 12:47:28,2023/07/04 12:49:31,2023/07/04 12:23:18,2023/07/04 12:25:21,8158,855,1.179,8258,2572
8183683,4G8149,1,4G814910815807,,,,,8158,,0,,4
8183923,4G8150,5,4G815051135002O,2023/07/05 01:50:01,2023/07/05 01:53:45,2023/07/05 00:59:07,2023/07/05 01:02:51,11350,44,0.56,11350,6852
8183943,4G8150,2,4G815021135002O,2023/07/05 01:50:10,2023/07/05 01:53:59,2023/07/05 00:59:11,2023/07/05 01:03:00,11350,44,0.559,11350,6802
8183963,4G8150,1,4G815011135002O,2023/07/05 01:50:25,2023/07/05 01:54:11,2023/07/05 00:59:26,2023/07/05 01:03:12,11350,43,0.559,11350,6834
8183983,4G8150,6,4G815061135002O,2023/07/05 01:50:14,2023/07/05 01:54:24,2023/07/05 00:59:09,2023/07/05 01:03:19,11350,44,0.558,11350,6906
8184003,4G8150,4,4G815041135002O,2023/07/05 01:51:02,2023/07/05 01:54:50,2023/07/05 01:00:03,2023/07/05 01:03:51,11350,44,0.559,11350,6828
8183984,4G8150,3,4G815031135002O,2023/07/05 01:50:17,2023/07/05 01:54:28,2023/07/05 00:59:23,2023/07/05 01:03:34,11350,44,0.56,11350,6924
8184023,4G8150,5,4G815051135003O,2023/07/05 02:09:52,2023/07/05 02:13:45,2023/07/05 01:18:58,2023/07/05 01:22:51,11350,55,0.56,11300,6866
8184024,4G8150,2,4G815021135003O,2023/07/05 02:10:06,2023/07/05 02:13:53,2023/07/05 01:19:07,2023/07/05 01:22:54,11350,55,0.559,11310,6824
8184044,4G8150,1,4G815011135003O,2023/07/05 02:10:12,2023/07/05 02:14:07,2023/07/05 01:19:13,2023/07/05 01:23:08,11350,55,0.559,11290,6840
8184063,4G8150,6,4G815061135003O,2023/07/05 02:10:11,2023/07/05 02:14:20,2023/07/05 01:19:28,2023/07/05 01:23:37,11350,55,0.562,11290,6958
8184083,4G8150,4,4G815041135003O,2023/07/05 02:10:57,2023/07/05 02:14:42,2023/07/05 01:19:58,2023/07/05 01:23:43,11350,55,0.559,11290,6856
8184043,4G8150,3,4G815031135003O,2023/07/05 02:10:05,2023/07/05 02:14:07,2023/07/05 01:19:11,2023/07/05 01:23:13,11350,55,0.56,11290,6956
8184103,4G8150,5,4G815051135004O,2023/07/05 02:29:35,2023/07/05 02:33:24,2023/07/05 01:38:36,2023/07/05 01:42:25,11350,66,0.559,11220,6814
8184104,4G8150,3,4G815031135004O,2023/07/05 02:29:39,2023/07/05 02:33:34,2023/07/05 01:38:45,2023/07/05 01:42:40,11350,66,0.56,11140,6856
8184123,4G8150,2,4G815021135004O,2023/07/05 02:29:55,2023/07/05 02:33:44,2023/07/05 01:39:01,2023/07/05 01:42:50,11350,66,0.56,11250,6776
8184143,4G8150,6,4G815061135004O,2023/07/05 02:29:49,2023/07/05 02:33:58,2023/07/05 01:38:50,2023/07/05 01:42:59,11350,66,0.559,11130,6872
8184163,4G8150,4,4G815041135004O,2023/07/05 02:30:49,2023/07/05 02:34:33,2023/07/05 01:40:01,2023/07/05 01:43:45,11350,66,0.561,11230,6804
8184124,4G8150,1,4G815011135004O,2023/07/05 02:29:51,2023/07/05 02:33:45,2023/07/05 01:38:46,2023/07/05 01:42:40,11350,66,0.558,11230,6804
8184184,4G8151,5,4G815151135001O,2023/07/05 02:49:10,2023/07/05 02:53:05,2023/07/05 01:58:22,2023/07/05 02:02:17,11350,77,0.561,11180,6674
8184183,4G8151,3,4G815131135001O,2023/07/05 02:49:06,2023/07/05 02:53:02,2023/07/05 01:58:12,2023/07/05 02:02:08,11350,77,0.56,11060,6694
8184203,4G8151,1,4G815111135001O,2023/07/05 02:49:26,2023/07/05 02:53:20,2023/07/05 01:58:27,2023/07/05 02:02:21,11350,77,0.559,11190,6672
8184205,4G8151,6,4G815161135001O,2023/07/05 02:49:20,2023/07/05 02:53:30,2023/07/05 01:58:32,2023/07/05 02:02:42,11350,77,0.561,11040,6706
8184223,4G8151,4,4G815141135001O,2023/07/05 02:50:39,2023/07/05 02:54:29,2023/07/05 01:59:40,2023/07/05 02:03:30,11350,77,0.559,11210,6712
8184204,4G8151,2,4G815121135001O,2023/07/05 02:49:42,2023/07/05 02:53:28,2023/07/05 01:58:48,2023/07/05 02:02:34,11350,77,0.56,11240,6692
8184284,4G8151,6,4G815161135002O,2023/07/05 03:08:57,2023/07/05 03:13:06,2023/07/05 02:18:30,2023/07/05 02:22:39,11350,88,0.565,11120,6714
8184263,4G8151,5,4G815151135002O,2023/07/05 03:08:58,2023/07/05 03:12:51,2023/07/05 02:18:10,2023/07/05 02:22:03,11350,88,0.561,11280,6760
8184283,4G8151,1,4G815111135002O,2023/07/05 03:09:09,2023/07/05 03:13:04,2023/07/05 02:18:04,2023/07/05 02:21:59,11350,88,0.558,11290,6734
8184323,4G8151,4,4G815141135002O,2023/07/05 03:10:34,2023/07/05 03:14:23,2023/07/05 02:19:35,2023/07/05 02:23:24,11350,88,0.559,11290,6722
8184243,4G8151,3,4G815131135002O,2023/07/05 03:08:42,2023/07/05 03:12:42,2023/07/05 02:17:48,2023/07/05 02:21:48,11350,88,0.56,11160,6732
8184303,4G8151,2,4G815121135002O,2023/07/05 03:09:36,2023/07/05 03:13:22,2023/07/05 02:18:48,2023/07/05 02:22:34,11350,89,0.561,11320,6716
8184383,4G8151,6,4G815161135003O,2023/07/05 03:28:39,2023/07/05 03:32:49,2023/07/05 02:37:56,2023/07/05 02:42:06,11350,99,0.562,11180,6764
8184363,4G8151,5,4G815151135003O,2023/07/05 03:28:45,2023/07/05 03:32:36,2023/07/05 02:37:40,2023/07/05 02:41:31,11350,100,0.558,11280,6746
8184343,4G8151,3,4G815131135003O,2023/07/05 03:28:21,2023/07/05 03:32:18,2023/07/05 02:37:22,2023/07/05 02:41:19,11350,99,0.559,11200,6744
8184423,4G8151,4,4G815141135003O,2023/07/05 03:30:33,2023/07/05 03:34:20,2023/07/05 02:39:39,2023/07/05 02:43:26,11350,100,0.56,11310,6754
8184403,4G8151,2,4G815121135003O,2023/07/05 03:29:31,2023/07/05 03:33:16,2023/07/05 02:38:32,2023/07/05 02:42:17,11350,100,0.559,11340,6736
8184384,4G8151,1,4G815111135003O,2023/07/05 03:28:59,2023/07/05 03:32:53,2023/07/05 02:37:21,2023/07/05 02:41:15,11350,99,0.552,11340,6728
8184464,4G8152,6,4G815261135001O,2023/07/05 03:48:22,2023/07/05 03:52:32,2023/07/05 02:57:28,2023/07/05 03:01:38,11350,111,0.56,11180,6756
8184463,4G8152,5,4G815251135001O,2023/07/05 03:48:34,2023/07/05 03:52:25,2023/07/05 02:57:29,2023/07/05 03:01:20,11350,111,0.558,11300,6746
8184443,4G8152,3,4G815231135001O,2023/07/05 03:48:02,2023/07/05 03:52:02,2023/07/05 02:57:03,2023/07/05 03:01:03,11350,110,0.559,11230,6766
8184523,4G8152,4,4G815241135001O,2023/07/05 03:50:32,2023/07/05 03:54:22,2023/07/05 02:59:38,2023/07/05 03:03:28,11350,111,0.56,10060,6770
8184503,4G8152,2,4G815221135001O,2023/07/05 03:49:29,2023/07/05 03:53:15,2023/07/05 02:58:19,2023/07/05 03:02:05,11350,111,0.557,11370,6760
8184483,4G8152,1,4G815211135001O,2023/07/05 03:48:49,2023/07/05 03:52:43,2023/07/05 02:57:50,2023/07/05 03:01:44,11350,110,0.559,11380,6756
8184584,4G8152,5,4G815251135002O,2023/07/05 04:08:23,2023/07/05 04:12:13,2023/07/05 03:17:29,2023/07/05 03:21:19,11350,122,0.56,11300,6724
8184563,4G8152,3,4G815231135002O,2023/07/05 04:07:44,2023/07/05 04:11:50,2023/07/05 03:16:45,2023/07/05 03:20:51,11350,122,0.559,11230,6768
8184603,4G8152,1,4G815211135002O,2023/07/05 04:08:43,2023/07/05 04:12:37,2023/07/05 03:17:49,2023/07/05 03:21:43,11350,121,0.56,11380,6748
8184585,4G8152,6,4G815261135002O,2023/07/05 04:08:11,2023/07/05 04:12:20,2023/07/05 03:17:12,2023/07/05 03:21:21,11350,122,0.559,11210,6766
8184583,4G8152,4,4G815241007002O,2023/07/05 04:08:17,2023/07/05 04:12:03,2023/07/05 03:17:18,2023/07/05 03:21:04,10070,121,0.559,10060,6010
8184543,4G8152,2,4G815221007002O,2023/07/05 04:07:13,2023/07/05 04:10:59,2023/07/05 03:16:19,2023/07/05 03:20:05,10070,121,0.56,10280,5996
8184664,4G8152,6,4G815261007003O,2023/07/05 04:25:41,2023/07/05 04:29:49,2023/07/05 03:34:09,2023/07/05 03:38:17,10070,132,0.553,10120,6008
8184665,4G8152,5,4G815251007003O,2023/07/05 04:25:57,2023/07/05 04:29:50,2023/07/05 03:35:03,2023/07/05 03:38:56,10070,132,0.56,10210,5980
8184683,4G8152,1,4G815211007003O,2023/07/05 04:26:22,2023/07/05 04:30:16,2023/07/05 03:35:28,2023/07/05 03:39:22,10070,131,0.56,10290,5990
8184663,4G8152,4,4G815241007003O,2023/07/05 04:26:01,2023/07/05 04:29:49,2023/07/05 03:34:56,2023/07/05 03:38:44,10070,131,0.558,10250,5992
8184643,4G8152,3,4G815231026003O,2023/07/05 04:25:28,2023/07/05 04:29:22,2023/07/05 03:34:29,2023/07/05 03:38:23,10260,132,0.559,10140,6122
8184623,4G8152,2,4G815221026003O,2023/07/05 04:25:18,2023/07/05 04:29:04,2023/07/05 03:34:19,2023/07/05 03:38:05,10260,132,0.559,10280,6094
8184723,4G8152,6,4G815261026004O,2023/07/05 04:43:08,2023/07/05 04:46:57,2023/07/05 03:57:05,2023/07/05 04:00:54,10260,142,0.619,10120,6102
8184704,4G8152,3,4G815231026004O,2023/07/05 04:42:51,2023/07/05 04:46:32,2023/07/05 03:56:53,2023/07/05 04:00:34,10260,142,0.62,10140,6108
8184703,4G8152,2,4G815221026004O,2023/07/05 04:42:58,2023/07/05 04:46:31,2023/07/05 03:56:51,2023/07/05 04:00:24,10260,142,0.618,10280,6114
8184724,4G8152,5,4G815251026004O,2023/07/05 04:43:23,2023/07/05 04:47:00,2023/07/05 03:57:20,2023/07/05 04:00:57,10260,142,0.619,10210,6078
8184743,4G8152,4,4G815241026004O,2023/07/05 04:43:36,2023/07/05 04:47:07,2023/07/05 03:57:38,2023/07/05 04:01:09,10260,141,0.62,10250,6128
8184763,4G8152,1,4G815211026004O,2023/07/05 04:43:49,2023/07/05 04:47:28,2023/07/05 03:57:42,2023/07/05 04:01:21,10260,142,0.618,10280,6094
8184823,4G8153,6,4G815361026001O,2023/07/05 04:59:16,2023/07/05 05:03:07,2023/07/05 04:13:18,2023/07/05 04:17:09,10260,152,0.62,10120,6100
8184783,4G8153,3,4G815331026001O,2023/07/05 04:58:56,2023/07/05 05:02:39,2023/07/05 04:12:58,2023/07/05 04:16:41,10260,152,0.62,10140,6108
8184803,4G8153,2,4G815321026001O,2023/07/05 04:59:18,2023/07/05 05:02:52,2023/07/05 04:13:20,2023/07/05 04:16:54,10260,152,0.62,10280,6098
8184824,4G8153,5,4G815351026001O,2023/07/05 04:59:33,2023/07/05 05:03:10,2023/07/05 04:13:35,2023/07/05 04:17:12,10260,152,0.62,10210,6092
8184843,4G8153,4,4G815341026001O,2023/07/05 04:59:58,2023/07/05 05:03:28,2023/07/05 04:13:55,2023/07/05 04:17:25,10260,152,0.619,10250,6114
8184863,4G8153,1,4G815311026001O,2023/07/05 05:00:04,2023/07/05 05:03:44,2023/07/05 04:14:01,2023/07/05 04:17:41,10260,152,0.619,10280,6080
8184903,4G8153,6,4G815361026002O,2023/07/05 05:15:25,2023/07/05 05:19:14,2023/07/05 04:29:14,2023/07/05 04:33:03,10260,162,0.617,10140,6088
8184883,4G8153,3,4G815331026002O,2023/07/05 05:15:01,2023/07/05 05:18:42,2023/07/05 04:28:58,2023/07/05 04:32:39,10260,162,0.619,10140,6094
8184904,4G8153,2,4G815321026002O,2023/07/05 05:15:42,2023/07/05 05:19:15,2023/07/05 04:29:44,2023/07/05 04:33:17,10260,163,0.62,10300,6100
8184905,4G8153,5,4G815351026002O,2023/07/05 05:15:43,2023/07/05 05:19:19,2023/07/05 04:29:36,2023/07/05 04:33:12,10260,163,0.618,10210,6066
8184923,4G8153,4,4G815341026002O,2023/07/05 05:16:17,2023/07/05 05:19:47,2023/07/05 04:30:23,2023/07/05 04:33:53,10260,162,0.621,10250,6104
8184943,4G8153,1,4G815311026002O,2023/07/05 05:16:22,2023/07/05 05:20:00,2023/07/05 04:30:19,2023/07/05 04:33:57,10260,162,0.619,10280,6070
8184984,4G8153,6,4G815361026003O,2023/07/05 05:31:38,2023/07/05 05:35:32,2023/07/05 04:45:27,2023/07/05 04:49:21,10260,172,0.617,10230,6184
8185003,4G8153,2,4G815321026003O,2023/07/05 05:32:06,2023/07/05 05:35:40,2023/07/05 04:46:03,2023/07/05 04:49:37,10260,173,0.619,10390,6128
8185043,4G8153,1,4G815311026003O,2023/07/05 05:32:39,2023/07/05 05:36:17,2023/07/05 04:46:41,2023/07/05 04:50:19,10260,172,0.62,10370,6122
8184983,4G8153,5,4G815351026003O,2023/07/05 05:31:54,2023/07/05 05:35:30,2023/07/05 04:45:51,2023/07/05 04:49:27,10260,173,0.619,10300,6150
8185023,4G8153,4,4G815341026003O,2023/07/05 05:32:39,2023/07/05 05:36:09,2023/07/05 04:46:41,2023/07/05 04:50:11,10260,172,0.62,10340,6138
8184963,4G8153,3,4G815331035003O,2023/07/05 05:31:15,2023/07/05 05:34:59,2023/07/05 04:45:17,2023/07/05 04:49:01,10350,172,0.62,10230,6190
8185083,4G8154,6,4G815461035001O,2023/07/05 05:47:50,2023/07/05 05:51:40,2023/07/05 05:01:43,2023/07/05 05:05:33,10350,182,0.618,10150,6252
8185084,4G8154,5,4G815451035001O,2023/07/05 05:48:10,2023/07/05 05:51:46,2023/07/05 05:02:07,2023/07/05 05:05:43,10350,183,0.619,10250,6228
8185063,4G8154,3,4G815431035001O,2023/07/05 05:47:32,2023/07/05 05:51:14,2023/07/05 05:01:34,2023/07/05 05:05:16,10350,183,0.62,10230,6248
8185123,4G8154,4,4G815441035001O,2023/07/05 05:49:07,2023/07/05 05:52:38,2023/07/05 05:03:09,2023/07/05 05:06:40,10350,182,0.62,10340,6252
8185103,4G8154,2,4G815421035001O,2023/07/05 05:48:33,2023/07/05 05:52:07,2023/07/05 05:02:39,2023/07/05 05:06:13,10350,183,0.621,10340,6204
8185124,4G8154,1,4G815411035001O,2023/07/05 05:49:00,2023/07/05 05:52:38,2023/07/05 05:02:53,2023/07/05 05:06:31,10350,182,0.618,10330,6238
8185163,4G8154,6,4G815461035002O,2023/07/05 06:03:55,2023/07/05 06:07:47,2023/07/05 05:18:01,2023/07/05 05:21:53,10350,192,0.621,10060,6178
8185183,4G8154,5,4G815451035002O,2023/07/05 06:04:21,2023/07/05 06:07:57,2023/07/05 05:18:18,2023/07/05 05:21:54,10350,193,0.619,10190,6186
8185143,4G8154,3,4G815431035002O,2023/07/05 06:03:36,2023/07/05 06:07:18,2023/07/05 05:17:33,2023/07/05 05:21:15,10350,193,0.619,10110,6200
8185224,4G8154,4,4G815441035002O,2023/07/05 06:05:33,2023/07/05 06:09:04,2023/07/05 05:19:30,2023/07/05 05:23:01,10350,193,0.619,10260,6218
8185203,4G8154,2,4G815421035002O,2023/07/05 06:04:57,2023/07/05 06:08:31,2023/07/05 05:18:54,2023/07/05 05:22:28,10350,194,0.619,10300,6194
8185223,4G8154,1,4G815411035002O,2023/07/05 06:05:17,2023/07/05 06:08:57,2023/07/05 05:19:10,2023/07/05 05:22:50,10350,192,0.618,10270,6204
8185263,4G8154,6,4G815461035003O,2023/07/05 06:19:59,2023/07/05 06:23:51,2023/07/05 05:34:01,2023/07/05 05:37:53,10350,202,0.62,10060,6162
8185283,4G8154,5,4G815451035003O,2023/07/05 06:20:30,2023/07/05 06:24:07,2023/07/05 05:34:19,2023/07/05 05:37:56,10350,203,0.617,10190,6168
8185243,4G8154,3,4G815431035003O,2023/07/05 06:19:36,2023/07/05 06:23:18,2023/07/05 05:33:38,2023/07/05 05:37:20,10350,203,0.62,10090,6168
8185324,4G8154,4,4G815441035003O,2023/07/05 06:21:48,2023/07/05 06:25:19,2023/07/05 05:35:50,2023/07/05 05:39:21,10350,203,0.62,10230,6180
8185303,4G8154,2,4G815421035003O,2023/07/05 06:21:19,2023/07/05 06:24:52,2023/07/05 05:35:16,2023/07/05 05:38:49,10350,204,0.619,10280,6166
8185323,4G8154,1,4G815411035003O,2023/07/05 06:21:31,2023/07/05 06:25:11,2023/07/05 05:35:33,2023/07/05 05:39:13,10350,203,0.62,10250,6180
8185363,4G8154,6,4G815461035004O,2023/07/05 06:36:00,2023/07/05 06:39:49,2023/07/05 05:50:02,2023/07/05 05:53:51,10350,212,0.62,10060,6152
8185383,4G8154,5,4G815451035004O,2023/07/05 06:36:39,2023/07/05 06:40:16,2023/07/05 05:50:32,2023/07/05 05:54:09,10350,214,0.618,10190,6152
8185343,4G8154,3,4G815431035004O,2023/07/05 06:35:39,2023/07/05 06:39:21,2023/07/05 05:49:36,2023/07/05 05:53:18,10350,213,0.619,10090,6192
8185443,4G8154,4,4G815441035004O,2023/07/05 06:38:06,2023/07/05 06:41:37,2023/07/05 05:52:03,2023/07/05 05:55:34,10350,213,0.619,10230,6220
8185403,4G8154,2,4G815421035004O,2023/07/05 06:37:41,2023/07/05 06:41:14,2023/07/05 05:51:43,2023/07/05 05:55:16,10350,214,0.62,10280,6190
8185423,4G8154,1,4G815411035004O,2023/07/05 06:37:45,2023/07/05 06:41:25,2023/07/05 05:51:56,2023/07/05 05:55:36,10350,213,0.622,10250,6188
8185483,4G8155,6,4G815561035001O,2023/07/05 06:51:58,2023/07/05 06:55:51,2023/07/05 06:06:00,2023/07/05 06:09:53,10350,223,0.62,10040,6194
8185503,4G8155,5,4G815551035001O,2023/07/05 06:52:48,2023/07/05 06:56:26,2023/07/05 06:06:45,2023/07/05 06:10:23,10350,224,0.619,10200,6196
8185463,4G8155,3,4G815531035001O,2023/07/05 06:51:35,2023/07/05 06:55:17,2023/07/05 06:05:55,2023/07/05 06:09:37,10350,223,0.624,10050,6220
8185543,4G8155,4,4G815541035001O,2023/07/05 06:54:16,2023/07/05 06:57:47,2023/07/05 06:08:13,2023/07/05 06:11:44,10350,223,0.619,10150,6186
8185523,4G8155,2,4G815521035001O,2023/07/05 06:54:01,2023/07/05 06:57:35,2023/07/05 06:07:58,2023/07/05 06:11:32,10350,224,0.619,10250,6156
8185524,4G8155,1,4G815511035001O,2023/07/05 06:53:55,2023/07/05 06:57:35,2023/07/05 06:07:52,2023/07/05 06:11:32,10350,223,0.619,10200,6198
8185583,4G8155,6,4G815561035002O,2023/07/05 07:07:51,2023/07/05 07:11:43,2023/07/05 06:21:48,2023/07/05 06:25:40,10350,233,0.619,9980,6128
8185603,4G8155,5,4G815551035002O,2023/07/05 07:08:54,2023/07/05 07:12:30,2023/07/05 06:23:00,2023/07/05 06:26:36,10350,234,0.621,10150,6148
8185563,4G8155,3,4G815531035002O,2023/07/05 07:07:23,2023/07/05 07:11:05,2023/07/05 06:21:34,2023/07/05 06:25:16,10350,233,0.622,9980,6152
8185624,4G8155,4,4G815541035002O,2023/07/05 07:10:23,2023/07/05 07:13:53,2023/07/05 06:24:20,2023/07/05 06:27:50,10350,233,0.619,10120,6154
8185625,4G8155,2,4G815521035002O,2023/07/05 07:10:23,2023/07/05 07:13:55,2023/07/05 06:24:20,2023/07/05 06:27:52,10350,235,0.619,10280,6184
8185623,4G8155,1,4G815511035002O,2023/07/05 07:10:04,2023/07/05 07:13:43,2023/07/05 06:23:57,2023/07/05 06:27:36,10350,233,0.618,10190,6132
8185663,4G8155,6,4G815561035003O,2023/07/05 07:23:45,2023/07/05 07:27:39,2023/07/05 06:37:47,2023/07/05 06:41:41,10350,242,0.62,9980,6162
8185683,4G8155,5,4G815551035003O,2023/07/05 07:25:01,2023/07/05 07:28:37,2023/07/05 06:38:58,2023/07/05 06:42:34,10350,244,0.619,10150,6158
8185643,4G8155,3,4G815531035003O,2023/07/05 07:23:14,2023/07/05 07:26:56,2023/07/05 06:37:11,2023/07/05 06:40:53,10350,242,0.619,9980,6134
8185704,4G8155,4,4G815541035003O,2023/07/05 07:26:32,2023/07/05 07:30:02,2023/07/05 06:40:29,2023/07/05 06:43:59,10350,243,0.619,10120,6142
8185723,4G8155,2,4G815521035003O,2023/07/05 07:26:44,2023/07/05 07:30:16,2023/07/05 06:40:41,2023/07/05 06:44:13,10350,245,0.619,10280,6188
8185703,4G8155,1,4G815511035003O,2023/07/05 07:26:14,2023/07/05 07:29:54,2023/07/05 06:40:20,2023/07/05 06:44:00,10350,243,0.621,10190,6126
8185763,4G8156,6,4G815661035001O,2023/07/05 07:39:39,2023/07/05 07:43:28,2023/07/05 06:53:41,2023/07/05 06:57:30,10350,252,0.62,9980,6204
8185783,4G8156,5,4G815651035001O,2023/07/05 07:41:06,2023/07/05 07:44:42,2023/07/05 06:54:59,2023/07/05 06:58:35,10350,254,0.618,10150,6204
8185743,4G8156,3,4G815631035001O,2023/07/05 07:39:06,2023/07/05 07:42:48,2023/07/05 06:52:46,2023/07/05 06:56:28,10350,252,0.615,9980,6190
8185804,4G8156,4,4G815641035001O,2023/07/05 07:42:41,2023/07/05 07:46:11,2023/07/05 06:56:38,2023/07/05 07:00:08,10350,253,0.619,10120,6160
8185823,4G8156,2,4G815621035001O,2023/07/05 07:43:02,2023/07/05 07:46:34,2023/07/05 06:56:59,2023/07/05 07:00:31,10350,255,0.619,10240,6178
8185803,4G8156,1,4G815611035001O,2023/07/05 07:42:26,2023/07/05 07:46:05,2023/07/05 06:56:37,2023/07/05 07:00:16,10350,253,0.622,10220,6194
8185863,4G8156,6,4G815661035002O,2023/07/05 07:55:35,2023/07/05 07:59:29,2023/07/05 07:09:41,2023/07/05 07:13:35,10350,262,0.621,9980,6184
8185883,4G8156,5,4G815651035002O,2023/07/05 07:57:13,2023/07/05 08:00:49,2023/07/05 07:11:15,2023/07/05 07:14:51,10350,264,0.62,10150,6172
8185843,4G8156,3,4G815631035002O,2023/07/05 07:54:55,2023/07/05 07:58:37,2023/07/05 07:08:57,2023/07/05 07:12:39,10350,262,0.62,9980,6196
8185904,4G8156,4,4G815641035002O,2023/07/05 07:58:50,2023/07/05 08:02:20,2023/07/05 07:12:52,2023/07/05 07:16:22,10350,263,0.62,10120,6180
8185923,4G8156,2,4G815621035002O,2023/07/05 07:59:19,2023/07/05 08:02:52,2023/07/05 07:13:16,2023/07/05 07:16:49,10350,265,0.619,10240,6196
8185903,4G8156,1,4G815611035002O,2023/07/05 07:58:36,2023/07/05 08:02:17,2023/07/05 07:12:51,2023/07/05 07:16:32,10350,263,0.623,10220,6212
8185963,4G8156,6,4G815661035003O,2023/07/05 08:11:27,2023/07/05 08:15:22,2023/07/05 07:25:33,2023/07/05 07:29:28,10350,272,0.621,9950,6128
8185983,4G8156,5,4G815651035003O,2023/07/05 08:13:15,2023/07/05 08:16:52,2023/07/05 07:27:12,2023/07/05 07:30:49,10350,274,0.619,10120,6164
8185943,4G8156,3,4G815631035003O,2023/07/05 08:10:45,2023/07/05 08:14:27,2023/07/05 07:25:00,2023/07/05 07:28:42,10350,272,0.623,9950,6156
8186004,4G8156,4,4G815641035003O,2023/07/05 08:14:54,2023/07/05 08:18:24,2023/07/05 07:28:51,2023/07/05 07:32:21,10350,274,0.619,10090,6120
8186023,4G8156,2,4G815621035003O,2023/07/05 08:15:34,2023/07/05 08:19:06,2023/07/05 07:29:31,2023/07/05 07:33:03,10350,275,0.619,10210,6164
8186003,4G8156,1,4G815611035003O,2023/07/05 08:14:44,2023/07/05 08:18:24,2023/07/05 07:28:50,2023/07/05 07:32:30,10350,273,0.621,10170,6152
8186063,4G8156,6,4G815661035004O,2023/07/05 08:27:20,2023/07/05 08:31:14,2023/07/05 07:41:13,2023/07/05 07:45:07,10350,282,0.618,9950,6126
8186083,4G8156,5,4G815651035004O,2023/07/05 08:29:21,2023/07/05 08:32:58,2023/07/05 07:43:18,2023/07/05 07:46:55,10350,285,0.619,10120,6162
8186043,4G8156,3,4G815631035004O,2023/07/05 08:26:31,2023/07/05 08:30:13,2023/07/05 07:40:28,2023/07/05 07:44:10,10350,282,0.619,9950,6120
8186103,4G8156,4,4G815641035004O,2023/07/05 08:30:59,2023/07/05 08:34:30,2023/07/05 07:44:56,2023/07/05 07:48:27,10350,284,0.619,10090,6136
8186123,4G8156,2,4G815621035004O,2023/07/05 08:31:54,2023/07/05 08:35:26,2023/07/05 07:45:56,2023/07/05 07:49:28,10350,286,0.62,10250,6190
8186104,4G8156,1,4G815611035004O,2023/07/05 08:30:52,2023/07/05 08:34:31,2023/07/05 07:44:54,2023/07/05 07:48:33,10350,283,0.62,10170,6176
8186163,4G8157,6,4G815761035001O,2023/07/05 08:43:12,2023/07/05 08:47:04,2023/07/05 07:57:18,2023/07/05 08:01:10,10350,292,0.621,9950,6134
8186183,4G8157,5,4G815751035001O,2023/07/05 08:45:26,2023/07/05 08:49:02,2023/07/05 07:59:28,2023/07/05 08:03:04,10350,295,0.62,10120,6186
8186143,4G8157,3,4G815731035001O,2023/07/05 08:42:21,2023/07/05 08:46:03,2023/07/05 07:56:18,2023/07/05 08:00:00,10350,292,0.619,9950,6130
8186203,4G8157,4,4G815741035001O,2023/07/05 08:47:04,2023/07/05 08:50:34,2023/07/05 08:01:06,2023/07/05 08:04:36,10350,294,0.62,10090,6162
8186223,4G8157,2,4G815721035001O,2023/07/05 08:48:11,2023/07/05 08:51:44,2023/07/05 08:02:08,2023/07/05 08:05:41,10350,296,0.619,10250,6208
8186204,4G8157,1,4G815711035001O,2023/07/05 08:47:00,2023/07/05 08:50:40,2023/07/05 08:01:02,2023/07/05 08:04:42,10350,293,0.62,10170,6182
8186263,4G8157,6,4G815761035002O,2023/07/05 08:59:02,2023/07/05 09:02:53,2023/07/05 08:13:22,2023/07/05 08:17:13,10350,302,0.624,9950,6138
8186283,4G8157,5,4G815751035002O,2023/07/05 09:01:27,2023/07/05 09:05:04,2023/07/05 08:15:24,2023/07/05 08:19:01,10350,305,0.619,10090,6166
8186243,4G8157,3,4G815731035002O,2023/07/05 08:58:11,2023/07/05 09:01:53,2023/07/05 08:12:08,2023/07/05 08:15:50,10350,302,0.619,9950,6134
8186303,4G8157,4,4G815741035002O,2023/07/05 09:03:10,2023/07/05 09:06:40,2023/07/05 08:17:07,2023/07/05 08:20:37,10350,304,0.619,10090,6156
8186323,4G8157,2,4G815721035002O,2023/07/05 09:04:26,2023/07/05 09:07:58,2023/07/05 08:18:28,2023/07/05 08:22:00,10350,306,0.62,10220,6184
8186304,4G8157,1,4G815711035002O,2023/07/05 09:03:09,2023/07/05 09:06:48,2023/07/05 08:17:02,2023/07/05 08:20:41,10350,303,0.618,10170,6188
8186363,4G8157,6,4G815761035003O,2023/07/05 09:14:56,2023/07/05 09:18:48,2023/07/05 08:28:58,2023/07/05 08:32:50,10350,312,0.62,9950,6150
8186383,4G8157,5,4G815751035003O,2023/07/05 09:17:30,2023/07/05 09:21:06,2023/07/05 08:31:23,2023/07/05 08:34:59,10350,315,0.618,10090,6160
8186343,4G8157,3,4G815731035003O,2023/07/05 09:14:00,2023/07/05 09:17:42,2023/07/05 08:28:02,2023/07/05 08:31:44,10350,312,0.62,9950,6146
8186403,4G8157,4,4G815741035003O,2023/07/05 09:19:16,2023/07/05 09:22:46,2023/07/05 08:33:09,2023/07/05 08:36:39,10350,314,0.618,10090,6160
8186423,4G8157,2,4G815721035003O,2023/07/05 09:20:42,2023/07/05 09:24:15,2023/07/05 08:34:39,2023/07/05 08:38:12,10350,316,0.619,10220,6182
8186404,4G8157,1,4G815711035003O,2023/07/05 09:19:16,2023/07/05 09:22:56,2023/07/05 08:33:18,2023/07/05 08:36:58,10350,313,0.62,10170,6172
8186443,4G8157,3,4G815731035004O,2023/07/05 09:29:51,2023/07/05 09:33:33,2023/07/05 08:43:53,2023/07/05 08:47:35,10350,322,0.62,9970,6166
8186463,4G8158,6,4G815861035001O,2023/07/05 09:30:48,2023/07/05 09:34:38,2023/07/05 08:44:50,2023/07/05 08:48:40,10350,322,0.62,9950,6146
8186483,4G8158,5,4G815851035001O,2023/07/05 09:33:32,2023/07/05 09:37:09,2023/07/05 08:47:38,2023/07/05 08:51:15,10350,325,0.621,10090,6130
8186503,4G8158,4,4G815841035001O,2023/07/05 09:35:20,2023/07/05 09:38:51,2023/07/05 08:49:17,2023/07/05 08:52:48,10350,324,0.619,8230,6160
8186543,4G8158,2,4G815821035001O,2023/07/05 09:36:56,2023/07/05 09:40:29,2023/07/05 08:50:53,2023/07/05 08:54:26,10350,327,0.619,10220,6134
8186523,4G8158,1,4G815811035001O,2023/07/05 09:35:22,2023/07/05 09:39:02,2023/07/05 08:49:19,2023/07/05 08:52:59,10350,324,0.619,10170,6134
8186583,4G8158,6,4G815861035002O,2023/07/05 09:46:39,2023/07/05 09:50:28,2023/07/05 09:00:41,2023/07/05 09:04:30,10350,332,0.62,9950,6144
8186563,4G8158,3,4G815831035001O,2023/07/05 09:45:38,2023/07/05 09:49:20,2023/07/05 08:59:35,2023/07/05 09:03:17,10350,332,0.619,9970,6172
8186623,4G8158,5,4G815851035002O,2023/07/05 09:49:34,2023/07/05 09:53:10,2023/07/05 09:03:31,2023/07/05 09:07:07,10350,335,0.619,10090,6130
8186663,4G8158,1,4G815811035002O,2023/07/05 09:51:29,2023/07/05 09:55:09,2023/07/05 09:05:26,2023/07/05 09:09:06,10350,334,0.619,10170,6154
8186603,4G8158,4,4G815840849002O,2023/07/05 09:48:29,2023/07/05 09:51:59,2023/07/05 09:02:26,2023/07/05 09:05:56,8490,332,0.619,8270,5044
8186643,4G8158,2,4G815820849002O,2023/07/05 09:50:17,2023/07/05 09:53:48,2023/07/05 09:04:19,2023/07/05 09:07:50,8490,335,0.62,8400,5068
8186703,4G8158,6,4G815860849003O,2023/07/05 09:59:35,2023/07/05 10:03:28,2023/07/05 09:13:32,2023/07/05 09:17:25,8490,340,0.619,8140,5036
8186723,4G8158,4,4G815840849003O,2023/07/05 10:01:39,2023/07/05 10:05:10,2023/07/05 09:15:32,2023/07/05 09:19:03,8490,341,0.618,8270,5054
8186683,4G8158,3,4G815830849002O,2023/07/05 09:58:35,2023/07/05 10:02:17,2023/07/05 09:12:32,2023/07/05 09:16:14,8490,340,0.619,8160,5054
8186743,4G8158,5,4G815850849003O,2023/07/05 10:02:43,2023/07/05 10:06:19,2023/07/05 09:16:40,2023/07/05 09:20:16,8490,343,0.619,8280,5010
8186763,4G8158,2,4G815820849003O,2023/07/05 10:03:39,2023/07/05 10:07:12,2023/07/05 09:17:32,2023/07/05 09:21:05,8490,343,0.618,8400,5052
8186783,4G8158,1,4G815810849003O,2023/07/05 10:04:46,2023/07/05 10:08:25,2023/07/05 09:18:43,2023/07/05 09:22:22,8490,342,0.619,8360,5078
8186823,4G8158,6,4G815860849004O,2023/07/05 10:12:36,2023/07/05 10:16:27,2023/07/05 09:26:33,2023/07/05 09:30:24,8490,348,0.619,8420,5040
8186843,4G8158,4,4G815840849004O,2023/07/05 10:14:52,2023/07/05 10:18:22,2023/07/05 09:28:45,2023/07/05 09:32:15,8490,349,0.618,8550,5062
8186803,4G8158,3,4G815830849003O,2023/07/05 10:11:36,2023/07/05 10:15:17,2023/07/05 09:25:33,2023/07/05 09:29:14,8490,348,0.619,8420,5034
8186863,4G8158,5,4G815850849004O,2023/07/05 10:15:56,2023/07/05 10:19:32,2023/07/05 09:29:53,2023/07/05 09:33:29,8490,352,0.619,8580,5058
8186883,4G8158,2,4G815820849004O,2023/07/05 10:17:03,2023/07/05 10:20:35,2023/07/05 09:31:09,2023/07/05 09:34:41,8490,352,0.621,8660,5068
8186903,4G8158,1,4G815810849004O,2023/07/05 10:18:01,2023/07/05 10:21:41,2023/07/05 08:55:53,2023/07/05 08:59:33,8490,350,0.347,8600,5080
8186943,4G8159,6,4G815960874001O,2023/07/05 10:26:03,2023/07/05 10:29:57,2023/07/05 09:40:00,2023/07/05 09:43:54,8740,356,0.619,8420,5232
8186963,4G8159,4,4G815940874001O,2023/07/05 10:29:06,2023/07/05 10:32:37,2023/07/05 09:43:03,2023/07/05 09:46:34,8740,355,0.619,8550,5230
8186923,4G8159,3,4G815930874001O,2023/07/05 10:25:02,2023/07/05 10:28:44,2023/07/05 09:27:55,2023/07/05 09:31:37,8740,356,0.499,8440,5232
8186983,4G8159,5,4G815950874001O,2023/07/05 10:30:10,2023/07/05 10:33:46,2023/07/05 09:44:12,2023/07/05 09:47:48,8740,357,0.62,8580,5248
8187003,4G8159,2,4G815920874001O,2023/07/05 10:31:00,2023/07/05 10:34:34,2023/07/05 09:44:57,2023/07/05 09:48:31,8740,356,0.619,8660,5258
8187043,4G8159,6,4G815960874001O,2023/07/05 10:40:11,2023/07/05 10:44:06,2023/07/05 09:54:13,2023/07/05 09:58:08,8740,356,0.62,8420,5202
8187063,4G8159,4,4G815940874002O,2023/07/05 10:42:47,2023/07/05 10:46:17,2023/07/05 09:56:44,2023/07/05 10:00:14,8740,355,0.619,8550,5226
8187023,4G8159,3,4G815930874001O,2023/07/05 10:38:51,2023/07/05 10:42:33,2023/07/05 09:52:44,2023/07/05 09:56:26,8740,356,0.618,8440,5238
8187083,4G8159,5,4G815950874002O,2023/07/05 10:43:50,2023/07/05 10:47:26,2023/07/05 09:57:52,2023/07/05 10:01:28,8740,357,0.62,8580,5262
8187103,4G8159,2,4G815920874002O,2023/07/05 10:44:49,2023/07/05 10:48:23,2023/07/05 09:58:51,2023/07/05 10:02:25,8740,356,0.62,8660,5260
8187383,4G8159,1,4G815910874002O,,,,,8740,,0,,5272
8187403,4G8159,3,4G815930874003O,,,,,8740,,0,,5254
8187423,4G8159,2,4G815920874004O,,,,,8740,,0,,5206
8187443,4G8159,1,4G815910874003O,,,,,8740,,0,,5238
8187463,4G8159,6,4G815960874003O,,,,,8740,,0,,5204
8187483,4G8159,5,4G815950874003O,,,,,8740,,0,,5258
8187503,4G8159,4,4G815940874003O,,,,,8740,,0,,82
8187683,4G8160,5,4G816050878002O,2023/07/06 01:57:49,2023/07/06 02:01:45,2023/07/06 01:06:50,2023/07/06 01:10:46,8780,41,0.559,8940,5276
8187703,4G8160,4,4G816040878002O,2023/07/06 01:58:11,2023/07/06 02:01:57,2023/07/06 01:07:17,2023/07/06 01:11:03,8780,41,0.56,8940,5284
8187704,4G8160,2,4G816020878002O,2023/07/06 01:58:10,2023/07/06 02:02:02,2023/07/06 01:07:22,2023/07/06 01:11:14,8780,41,0.561,8980,5244
8187724,4G8160,6,4G816060878002O,2023/07/06 01:58:24,2023/07/06 02:02:33,2023/07/06 01:07:30,2023/07/06 01:11:39,8780,41,0.56,8940,5354
8187705,4G8160,3,4G816030878002O,2023/07/06 01:58:02,2023/07/06 02:02:06,2023/07/06 01:07:08,2023/07/06 01:11:12,8780,41,0.56,8940,5340
8187723,4G8160,1,4G816010894002O,2023/07/06 01:58:29,2023/07/06 02:02:24,2023/07/06 01:07:41,2023/07/06 01:11:36,8940,41,0.561,8980,5268
8187743,4G8160,5,4G816050894003O,2023/07/06 02:13:30,2023/07/06 02:17:18,2023/07/06 01:22:36,2023/07/06 01:26:24,8940,50,0.56,8940,5348
8187764,4G8160,4,4G816040894003O,2023/07/06 02:13:51,2023/07/06 02:17:34,2023/07/06 01:22:52,2023/07/06 01:26:35,8940,50,0.559,8930,5368
8187763,4G8160,3,4G816030894003O,2023/07/06 02:13:33,2023/07/06 02:17:34,2023/07/06 01:22:17,2023/07/06 01:26:18,8940,50,0.556,8900,5394
8187803,4G8160,6,4G816060894003O,2023/07/06 02:13:58,2023/07/06 02:18:07,2023/07/06 01:23:04,2023/07/06 01:27:13,8940,50,0.56,8880,5390
8187783,4G8160,2,4G816020898003O,2023/07/06 02:13:56,2023/07/06 02:17:49,2023/07/06 01:23:02,2023/07/06 01:26:55,8980,50,0.56,8980,5382
8187804,4G8160,1,4G816010898003O,2023/07/06 02:14:14,2023/07/06 02:18:08,2023/07/06 01:23:20,2023/07/06 01:27:14,8980,50,0.56,9030,5330
8187823,4G8160,5,4G816050898004O,2023/07/06 02:29:12,2023/07/06 02:33:02,2023/07/06 01:38:24,2023/07/06 01:42:14,8980,59,0.561,8940,5380
8187843,4G8160,4,4G816040898004O,2023/07/06 02:29:34,2023/07/06 02:33:18,2023/07/06 01:38:35,2023/07/06 01:42:19,8980,59,0.559,8920,5408
8187824,4G8160,3,4G816030898004O,2023/07/06 02:29:07,2023/07/06 02:33:04,2023/07/06 01:38:08,2023/07/06 01:42:05,8980,59,0.559,8860,5408
8187864,4G8160,6,4G816060898004O,2023/07/06 02:29:33,2023/07/06 02:33:42,2023/07/06 01:38:56,2023/07/06 01:43:05,8980,59,0.563,8860,5406
8187863,4G8160,2,4G816020898004O,2023/07/06 02:29:41,2023/07/06 02:33:33,2023/07/06 01:38:47,2023/07/06 01:42:39,8980,59,0.56,8950,5360
8187883,4G8160,1,4G816010898004O,2023/07/06 02:30:00,2023/07/06 02:33:54,2023/07/06 01:39:06,2023/07/06 01:43:00,8980,59,0.56,9050,5334
8187904,4G8160,5,4G816050898005O,2023/07/06 02:43:56,2023/07/06 02:47:33,2023/07/06 01:58:02,2023/07/06 02:01:39,8980,68,0.621,8940,5368
8187923,4G8160,4,4G816040898005O,2023/07/06 02:44:18,2023/07/06 02:47:49,2023/07/06 01:58:15,2023/07/06 02:01:46,8980,68,0.619,8920,5366
8187903,4G8160,3,4G816030898005O,2023/07/06 02:43:43,2023/07/06 02:47:25,2023/07/06 01:57:45,2023/07/06 02:01:27,8980,68,0.62,8860,5402
8187943,4G8160,6,4G816060898005O,2023/07/06 02:44:08,2023/07/06 02:47:56,2023/07/06 01:58:36,2023/07/06 02:02:24,8980,68,0.626,8830,5356
8187944,4G8160,2,4G816020898005O,2023/07/06 02:44:24,2023/07/06 02:47:58,2023/07/06 01:58:21,2023/07/06 02:01:55,8980,68,0.619,8950,5330
8187963,4G8160,1,4G816010898005O,2023/07/06 02:44:43,2023/07/06 02:48:23,2023/07/06 01:58:45,2023/07/06 02:02:25,8980,68,0.62,9070,5330
8188023,4G8161,6,4G816160898001O,2023/07/06 02:58:09,2023/07/06 03:01:59,2023/07/06 02:12:11,2023/07/06 02:16:01,8980,77,0.62,8830,5358
8188003,4G8161,5,4G816150898001O,2023/07/06 02:58:05,2023/07/06 03:01:41,2023/07/06 02:12:11,2023/07/06 02:15:47,8980,77,0.621,8910,5334
8187983,4G8161,3,4G816130898001O,2023/07/06 02:57:44,2023/07/06 03:01:26,2023/07/06 02:11:50,2023/07/06 02:15:32,8980,77,0.621,8830,5350
8188024,4G8161,4,4G816140898001O,2023/07/06 02:58:28,2023/07/06 03:02:00,2023/07/06 02:12:30,2023/07/06 02:16:02,8980,77,0.62,8890,5320
8188043,4G8161,2,4G816120898001O,2023/07/06 02:58:38,2023/07/06 03:02:12,2023/07/06 02:12:40,2023/07/06 02:16:14,8980,77,0.62,8950,5312
8188063,4G8161,1,4G816110898001O,2023/07/06 02:59:00,2023/07/06 03:02:39,2023/07/06 02:13:02,2023/07/06 02:16:41,8980,77,0.62,9070,5294
8188143,4G8161,6,4G816160898002O,2023/07/06 03:12:14,2023/07/06 03:16:06,2023/07/06 02:26:03,2023/07/06 02:29:55,8980,86,0.617,8830,5354
8188123,4G8161,5,4G816150898002O,2023/07/06 03:12:14,2023/07/06 03:15:50,2023/07/06 02:26:25,2023/07/06 02:30:01,8980,86,0.622,8910,5332
8188103,4G8161,3,4G816130898002O,2023/07/06 03:11:46,2023/07/06 03:15:28,2023/07/06 02:25:39,2023/07/06 02:29:21,8980,86,0.618,8830,5314
8188144,4G8161,4,4G816140898002O,2023/07/06 03:12:38,2023/07/06 03:16:09,2023/07/06 02:26:35,2023/07/06 02:30:06,8980,86,0.619,8890,5316
8188163,4G8161,2,4G816120898002O,2023/07/06 03:12:53,2023/07/06 03:16:26,2023/07/06 02:26:50,2023/07/06 02:30:23,8980,86,0.619,8950,5306
8188083,4G8161,1,4G816110702002O,2023/07/06 03:10:14,2023/07/06 03:13:53,2023/07/06 02:24:11,2023/07/06 02:27:50,7020,84,0.619,7110,4168
8188223,4G8161,5,4G816150702003O,2023/07/06 03:23:16,2023/07/06 03:26:52,2023/07/06 02:37:18,2023/07/06 02:40:54,7020,93,0.62,7430,4200
8188203,4G8161,3,4G816130702003O,2023/07/06 03:22:39,2023/07/06 03:26:21,2023/07/06 02:36:36,2023/07/06 02:40:18,7020,92,0.619,11690,4198
8188183,4G8161,1,4G816110702003O,2023/07/06 03:21:27,2023/07/06 03:25:06,2023/07/06 02:35:24,2023/07/06 02:39:03,7020,91,0.619,11930,4186
8188243,4G8161,6,4G816160702003O,2023/07/06 03:23:09,2023/07/06 03:27:01,2023/07/06 02:37:11,2023/07/06 02:41:03,7020,92,0.62,11690,4218
8188244,4G8161,4,4G816140702003O,2023/07/06 03:23:42,2023/07/06 03:27:14,2023/07/06 02:37:39,2023/07/06 02:41:11,7020,93,0.619,7410,4200
8188263,4G8161,2,4G816120702003O,2023/07/06 03:24:00,2023/07/06 03:27:34,2023/07/06 02:37:57,2023/07/06 02:41:31,7020,93,0.619,7260,4206
8188283,4G8161,5,4G816150750004O,2023/07/06 03:35:03,2023/07/06 03:38:39,2023/07/06 02:49:05,2023/07/06 02:52:41,7500,100,0.62,7430,4514
8188303,4G8161,4,4G816140750004O,2023/07/06 03:35:30,2023/07/06 03:39:02,2023/07/06 02:49:36,2023/07/06 02:53:08,7500,100,0.621,7180,4494
8188304,4G8161,2,4G816120729004O,2023/07/06 03:35:33,2023/07/06 03:39:07,2023/07/06 02:49:30,2023/07/06 02:53:04,7290,100,0.619,7260,4372
8188363,4G8161,6,4G816161184004O,2023/07/06 03:41:43,2023/07/06 03:45:36,2023/07/06 02:55:32,2023/07/06 02:59:25,11840,104,0.617,11660,7162
8188343,4G8161,3,4G816131184004O,2023/07/06 03:41:09,2023/07/06 03:44:51,2023/07/06 02:55:11,2023/07/06 02:58:53,11840,104,0.62,11680,7146
8188323,4G8161,1,4G816111184004O,2023/07/06 03:40:16,2023/07/06 03:43:54,2023/07/06 02:54:18,2023/07/06 02:57:56,11840,103,0.62,11920,7076
8188383,4G8162,5,4G816250729001Y,2023/07/06 03:46:30,2023/07/06 03:50:07,2023/07/06 03:00:32,2023/07/06 03:04:09,7290,107,0.62,9710,4366
8188403,4G8162,4,4G816240729001Y,2023/07/06 03:46:56,2023/07/06 03:50:27,2023/07/06 03:00:58,2023/07/06 03:04:29,7290,107,0.62,9670,4334
8188423,4G8162,2,4G816220729001Y,2023/07/06 03:47:03,2023/07/06 03:50:37,2023/07/06 03:01:05,2023/07/06 03:04:39,7290,108,0.62,9720,4350
8188483,4G8162,6,4G816260729001Y,2023/07/06 03:52:53,2023/07/06 03:56:43,2023/07/06 03:06:50,2023/07/06 03:10:40,7290,111,0.619,9600,4304
8188463,4G8162,3,4G816230729001Y,2023/07/06 03:52:17,2023/07/06 03:55:59,2023/07/06 03:06:14,2023/07/06 03:09:56,7290,111,0.619,9810,4312
8188443,4G8162,1,4G816210729001Y,2023/07/06 03:51:55,2023/07/06 03:55:35,2023/07/06 03:05:44,2023/07/06 03:09:24,7290,110,0.617,10120,4384
8188503,4G8162,5,4G816250978002Y,2023/07/06 04:01:48,2023/07/06 04:05:24,2023/07/06 03:15:50,2023/07/06 03:19:26,9780,117,0.62,9630,5818
8188523,4G8162,4,4G816240978002Y,2023/07/06 04:02:28,2023/07/06 04:06:00,2023/07/06 03:16:25,2023/07/06 03:19:57,9780,117,0.619,9710,5856
8188524,4G8162,2,4G816220978002Y,2023/07/06 04:02:30,2023/07/06 04:06:03,2023/07/06 03:16:27,2023/07/06 03:20:00,9780,117,0.619,9720,5848
8188563,4G8162,6,4G816260988002Y,2023/07/06 04:08:23,2023/07/06 04:12:18,2023/07/06 03:22:16,2023/07/06 03:26:11,9880,121,0.618,9710,5934
8188544,4G8162,3,4G816231007002Y,2023/07/06 04:08:00,2023/07/06 04:11:42,2023/07/06 03:22:02,2023/07/06 03:25:44,10070,121,0.62,9880,6052
8188543,4G8162,1,4G816211007002Y,2023/07/06 04:07:54,2023/07/06 04:11:33,2023/07/06 03:21:56,2023/07/06 03:25:35,10070,120,0.62,10100,5998
8188583,4G8162,5,4G816250841003Y,2023/07/06 04:14:55,2023/07/06 04:18:32,2023/07/06 03:28:52,2023/07/06 03:32:29,8410,125,0.619,8260,5006
8188603,4G8162,4,4G816240841003Y,2023/07/06 04:15:41,2023/07/06 04:19:13,2023/07/06 03:29:38,2023/07/06 03:33:10,8410,125,0.619,8300,5028
8188604,4G8162,2,4G816220841003Y,2023/07/06 04:15:47,2023/07/06 04:19:20,2023/07/06 03:29:58,2023/07/06 03:33:31,8410,126,0.622,8350,5024
8188663,4G8162,6,4G816260841003Y,2023/07/06 04:21:30,2023/07/06 04:25:24,2023/07/06 03:35:36,2023/07/06 03:39:30,8410,129,0.621,8240,5054
8188623,4G8162,3,4G816230841003Y,2023/07/06 04:20:58,2023/07/06 04:24:40,2023/07/06 03:34:51,2023/07/06 03:38:33,8410,129,0.618,8220,5038
8188643,4G8162,1,4G816210841003Y,2023/07/06 04:21:13,2023/07/06 04:24:52,2023/07/06 03:35:15,2023/07/06 03:38:54,8410,129,0.62,8440,5010
8188683,4G8162,5,4G816250841004Y,2023/07/06 04:28:01,2023/07/06 04:31:38,2023/07/06 03:41:54,2023/07/06 03:45:31,8410,134,0.618,8260,5004
8188684,4G8162,4,4G816240841004Y,2023/07/06 04:28:53,2023/07/06 04:32:24,2023/07/06 03:42:50,2023/07/06 03:46:21,8410,134,0.619,8300,5022
8188685,4G8162,2,4G816220841004Y,2023/07/06 04:29:04,2023/07/06 04:32:37,2023/07/06 03:43:06,2023/07/06 03:46:39,8410,134,0.62,8350,5022
8188743,4G8162,6,4G816260841004Y,2023/07/06 04:34:33,2023/07/06 04:38:28,2023/07/06 03:48:30,2023/07/06 03:52:25,8410,137,0.619,8200,5030
8188703,4G8162,3,4G816230841004Y,2023/07/06 04:34:00,2023/07/06 04:37:42,2023/07/06 03:47:40,2023/07/06 03:51:22,8410,138,0.615,8550,5042
8188723,4G8162,1,4G816210841004Y,2023/07/06 04:34:36,2023/07/06 04:38:15,2023/07/06 03:48:25,2023/07/06 03:52:04,8410,137,0.617,8780,5006
8188763,4G8163,5,4G816350841001Y,2023/07/06 04:41:14,2023/07/06 04:44:50,2023/07/06 03:55:16,2023/07/06 03:58:52,8410,142,0.62,8630,5040
8188783,4G8163,4,4G816340841001Y,2023/07/06 04:42:08,2023/07/06 04:45:40,2023/07/06 03:56:10,2023/07/06 03:59:42,8410,142,0.62,8660,5048
8188803,4G8163,2,4G816320841001Y,2023/07/06 04:42:21,2023/07/06 04:45:54,2023/07/06 03:56:14,2023/07/06 03:59:47,8410,142,0.618,8680,5026
8188843,4G8163,6,4G816360841001Y,2023/07/06 04:47:37,2023/07/06 04:51:31,2023/07/06 04:01:34,2023/07/06 04:05:28,8410,145,0.619,8520,5034
8188823,4G8163,3,4G816330874001Y,2023/07/06 04:47:31,2023/07/06 04:51:13,2023/07/06 04:01:33,2023/07/06 04:05:15,8740,146,0.62,8530,5244
8188863,4G8163,1,4G816310874001Y,2023/07/06 04:48:28,2023/07/06 04:52:08,2023/07/06 04:02:25,2023/07/06 04:06:05,8740,146,0.619,8780,5208
8188883,4G8163,5,4G816350874002Y,2023/07/06 04:54:55,2023/07/06 04:58:32,2023/07/06 04:08:57,2023/07/06 04:12:34,8740,151,0.62,8630,5226
8188903,4G8163,4,4G816340874002Y,2023/07/06 04:55:55,2023/07/06 04:59:27,2023/07/06 04:09:57,2023/07/06 04:13:29,8740,151,0.62,8660,5248
8188923,4G8163,2,4G816320874002Y,2023/07/06 04:56:10,2023/07/06 04:59:43,2023/07/06 04:10:12,2023/07/06 04:13:45,8740,151,0.62,8680,5208
8188963,4G8163,6,4G816360874002Y,2023/07/06 05:01:11,2023/07/06 05:04:56,2023/07/06 04:15:13,2023/07/06 04:18:58,8740,154,0.62,8520,5228
8188943,4G8163,3,4G816330874002Y,2023/07/06 05:01:03,2023/07/06 05:04:45,2023/07/06 04:15:14,2023/07/06 04:18:56,8740,155,0.622,8530,5226
8188983,4G8163,1,4G816310874002Y,2023/07/06 05:02:21,2023/07/06 05:06:01,2023/07/06 04:16:23,2023/07/06 04:20:03,8740,155,0.62,8780,5200
8189003,4G8163,5,4G816350874003Y,2023/07/06 05:08:37,2023/07/06 05:12:13,2023/07/06 04:22:39,2023/07/06 04:26:15,8740,159,0.62,8630,5240
8189023,4G8163,4,4G816340874003Y,2023/07/06 05:09:43,2023/07/06 05:13:14,2023/07/06 04:23:40,2023/07/06 04:27:11,8740,159,0.619,8660,5250
8189043,4G8163,2,4G816320874003Y,2023/07/06 05:09:57,2023/07/06 05:13:30,2023/07/06 04:23:41,2023/07/06 04:27:14,8740,160,0.616,8680,5224
8189083,4G8163,6,4G816360874003Y,2023/07/06 05:14:46,2023/07/06 05:18:35,2023/07/06 04:28:48,2023/07/06 04:32:37,8740,162,0.62,8520,5210
8189063,4G8163,3,4G816330874003Y,2023/07/06 05:14:34,2023/07/06 05:18:16,2023/07/06 04:28:36,2023/07/06 04:32:18,8740,163,0.62,8530,5236
8189103,4G8163,1,4G816310874003Y,2023/07/06 05:16:14,2023/07/06 05:19:54,2023/07/06 04:30:11,2023/07/06 04:33:51,8740,163,0.619,8780,5208
8189123,4G8163,5,4G816350874004Y,2023/07/06 05:22:20,2023/07/06 05:25:56,2023/07/06 04:36:31,2023/07/06 04:40:07,8740,168,0.622,8630,5214
8189143,4G8163,4,4G816340874004Y,2023/07/06 05:23:31,2023/07/06 05:27:02,2023/07/06 04:37:28,2023/07/06 04:40:59,8740,168,0.619,8660,5240
8189144,4G8163,2,4G816320874004Y,2023/07/06 05:23:46,2023/07/06 05:27:18,2023/07/06 04:37:43,2023/07/06 04:41:15,8740,168,0.619,8680,5224
8189183,4G8163,6,4G816360874004Y,2023/07/06 05:28:19,2023/07/06 05:32:06,2023/07/06 04:42:21,2023/07/06 04:46:08,8740,171,0.62,8520,5228
8189163,4G8163,3,4G816330874004Y,2023/07/06 05:28:09,2023/07/06 05:31:53,2023/07/06 04:42:06,2023/07/06 04:45:50,8740,172,0.619,8530,5238
8189203,4G8163,1,4G816310874004Y,2023/07/06 05:30:07,2023/07/06 05:33:47,2023/07/06 04:44:09,2023/07/06 04:47:49,8740,172,0.62,8780,5204
8189223,4G8163,5,4G816350874005Y,2023/07/06 05:36:01,2023/07/06 05:39:39,2023/07/06 04:50:03,2023/07/06 04:53:41,8740,176,0.62,8630,5230
8189243,4G8163,4,4G816340874005Y,2023/07/06 05:37:18,2023/07/06 05:40:49,2023/07/06 04:51:15,2023/07/06 04:54:46,8740,177,0.619,8660,5258
8189263,4G8164,2,4G816420874001Y,2023/07/06 05:37:34,2023/07/06 05:41:06,2023/07/06 04:51:45,2023/07/06 04:55:17,8740,177,0.622,8680,5224
8189303,4G8164,6,4G816460874001Y,2023/07/06 05:41:53,2023/07/06 05:45:39,2023/07/06 04:55:55,2023/07/06 04:59:41,8740,179,0.62,8520,5250
8189283,4G8164,3,4G816430874001Y,2023/07/06 05:41:42,2023/07/06 05:45:24,2023/07/06 04:55:44,2023/07/06 04:59:26,8740,180,0.62,8520,5266
8189323,4G8164,1,4G816410874001Y,2023/07/06 05:44:01,2023/07/06 05:47:40,2023/07/06 04:57:58,2023/07/06 05:01:37,8740,181,0.619,8780,5238
8189343,4G8164,5,4G816450874001Y,2023/07/06 05:49:41,2023/07/06 05:53:18,2023/07/06 05:03:38,2023/07/06 05:07:15,8740,185,0.619,8610,5264
8189363,4G8164,4,4G816440874001Y,2023/07/06 05:51:07,2023/07/06 05:54:38,2023/07/06 05:05:09,2023/07/06 05:08:40,8740,185,0.62,8660,5294
8189383,4G8164,2,4G816420874002Y,2023/07/06 05:51:21,2023/07/06 05:54:53,2023/07/06 05:05:10,2023/07/06 05:08:42,8740,186,0.617,8670,5250
8189423,4G8164,6,4G816460874002Y,2023/07/06 05:55:24,2023/07/06 05:59:11,2023/07/06 05:09:21,2023/07/06 05:13:08,8740,188,0.619,8490,5252
8189403,4G8164,3,4G816430874002Y,2023/07/06 05:55:12,2023/07/06 05:58:54,2023/07/06 05:09:14,2023/07/06 05:12:56,8740,188,0.62,8490,5266
8189443,4G8164,1,4G816410874002Y,2023/07/06 05:57:51,2023/07/06 06:01:31,2023/07/06 05:11:44,2023/07/06 05:15:24,8740,189,0.618,8760,5234
8189463,4G8164,5,4G816450874002Y,2023/07/06 06:03:19,2023/07/06 06:06:56,2023/07/06 05:17:12,2023/07/06 05:20:49,8740,194,0.618,8590,5218
8189483,4G8164,4,4G816440874002Y,2023/07/06 06:04:50,2023/07/06 06:08:21,2023/07/06 05:18:43,2023/07/06 05:22:14,8740,194,0.618,8600,5242
8189503,4G8164,2,4G816420874003Y,2023/07/06 06:05:08,2023/07/06 06:08:41,2023/07/06 05:19:05,2023/07/06 05:22:38,8740,194,0.619,8670,5230
8189543,4G8164,6,4G816460874003Y,2023/07/06 06:08:52,2023/07/06 06:12:35,2023/07/06 05:23:20,2023/07/06 05:27:03,8740,196,0.626,8460,5226
8189523,4G8164,3,4G816430874003Y,2023/07/06 06:08:37,2023/07/06 06:12:19,2023/07/06 05:22:26,2023/07/06 05:26:08,8740,197,0.617,8460,5230
8189563,4G8164,1,4G816410874003Y,2023/07/06 06:11:42,2023/07/06 06:15:22,2023/07/06 05:25:44,2023/07/06 05:29:24,8740,198,0.62,8760,5226
8189583,4G8164,5,4G816450874003Y,2023/07/06 06:16:57,2023/07/06 06:20:34,2023/07/06 05:30:50,2023/07/06 05:34:27,8740,202,0.618,8590,5220
8189603,4G8164,4,4G816440874003Y,2023/07/06 06:18:31,2023/07/06 06:22:02,2023/07/06 05:32:28,2023/07/06 05:35:59,8740,202,0.619,8600,5234
8189623,4G8164,2,4G816420874004Y,2023/07/06 06:18:56,2023/07/06 06:22:28,2023/07/06 05:32:53,2023/07/06 05:36:25,8740,203,0.619,8670,5224
8189663,4G8164,6,4G816460874004Y,2023/07/06 06:22:19,2023/07/06 06:26:08,2023/07/06 05:36:03,2023/07/06 05:39:52,8740,205,0.616,8460,5196
8189643,4G8164,3,4G816430874004Y,2023/07/06 06:22:05,2023/07/06 06:25:46,2023/07/06 05:36:07,2023/07/06 05:39:48,8740,205,0.62,8460,5230
8189683,4G8164,1,4G816410874004Y,2023/07/06 06:25:33,2023/07/06 06:29:13,2023/07/06 05:39:26,2023/07/06 05:43:06,8740,207,0.618,8910,5204
8189703,4G8164,5,4G816450874004Y,2023/07/06 06:30:35,2023/07/06 06:34:20,2023/07/06 05:42:07,2023/07/06 05:45:52,8740,211,0.588,8750,5224
8189723,4G8164,4,4G816440874004Y,2023/07/06 06:32:16,2023/07/06 06:35:58,2023/07/06 05:43:48,2023/07/06 05:47:30,8740,211,0.588,8760,5228
8189743,4G8164,2,4G816420874005Y,2023/07/06 06:32:46,2023/07/06 06:36:28,2023/07/06 05:44:33,2023/07/06 05:48:15,8740,212,0.591,8820,5226
8189763,4G8164,6,4G816460874001Y,2023/07/06 06:36:01,2023/07/06 06:39:54,2023/07/06 05:47:38,2023/07/06 05:51:31,8740,213,0.589,8620,5196
8189764,4G8165,3,4G816530890001Y,2023/07/06 06:35:59,2023/07/06 06:39:57,2023/07/06 05:47:41,2023/07/06 05:51:39,8900,214,0.59,8620,5316
8189803,4G8165,5,4G816550890001Y,2023/07/06 06:45:08,2023/07/06 06:48:59,2023/07/06 05:56:40,2023/07/06 06:00:31,8900,220,0.588,8750,5320
8189823,4G8165,4,4G816540890001Y,2023/07/06 06:46:57,2023/07/06 06:50:39,2023/07/06 05:58:34,2023/07/06 06:02:16,8900,220,0.589,8760,5324
8189783,4G8165,1,4G816510890001Y,2023/07/06 06:40:06,2023/07/06 06:43:49,2023/07/06 05:51:48,2023/07/06 05:55:31,8900,216,0.59,8910,5318
8189863,4G8165,6,4G816560890002Y,2023/07/06 06:50:23,2023/07/06 06:54:15,2023/07/06 06:02:19,2023/07/06 06:06:11,8900,222,0.593,8620,5304
8189883,4G8165,3,4G816530890002Y,2023/07/06 06:50:26,2023/07/06 06:54:24,2023/07/06 06:02:03,2023/07/06 06:06:01,8900,222,0.589,8620,5316
8189843,4G8165,2,4G816520890001Y,2023/07/06 06:47:30,2023/07/06 06:51:12,2023/07/06 05:59:07,2023/07/06 06:02:49,8900,220,0.589,8820,5328
8189923,4G8165,5,4G816550890002Y,2023/07/06 06:59:44,2023/07/06 07:03:33,2023/07/06 06:11:26,2023/07/06 06:15:15,8900,228,0.59,8750,5318
8189943,4G8165,4,4G816540890002Y,2023/07/06 07:01:33,2023/07/06 07:05:16,2023/07/06 06:13:10,2023/07/06 06:16:53,8900,229,0.589,8730,5284
8189903,4G8165,1,4G816510890002Y,2023/07/06 06:54:53,2023/07/06 06:58:36,2023/07/06 06:06:30,2023/07/06 06:10:13,8900,225,0.589,8910,5308
8189983,4G8165,6,4G816560890003Y,2023/07/06 07:04:45,2023/07/06 07:08:38,2023/07/06 06:16:27,2023/07/06 06:20:20,8900,230,0.59,8620,5284
8189984,4G8165,3,4G816530890003Y,2023/07/06 07:04:42,2023/07/06 07:08:39,2023/07/06 06:16:29,2023/07/06 06:20:26,8900,231,0.591,8620,5312
8189963,4G8165,2,4G816520890002Y,2023/07/06 07:02:13,2023/07/06 07:05:55,2023/07/06 06:13:50,2023/07/06 06:17:32,8900,229,0.589,8820,5324
8190023,4G8165,5,4G816550890003Y,2023/07/06 07:14:18,2023/07/06 07:18:09,2023/07/06 06:25:55,2023/07/06 06:29:46,8900,237,0.589,8750,5294
8190043,4G8165,4,4G816540890003Y,2023/07/06 07:16:08,2023/07/06 07:19:51,2023/07/06 06:27:50,2023/07/06 06:31:33,8900,237,0.59,8730,5296
8190003,4G8165,1,4G816510890003Y,2023/07/06 07:09:42,2023/07/06 07:13:25,2023/07/06 06:21:19,2023/07/06 06:25:02,8900,233,0.589,8910,5304
8190084,4G8165,6,4G816560890004Y,2023/07/06 07:19:10,2023/07/06 07:23:05,2023/07/06 06:30:52,2023/07/06 06:34:47,8900,239,0.59,8620,5280
8190083,4G8165,3,4G816530890004Y,2023/07/06 07:19:05,2023/07/06 07:23:03,2023/07/06 06:30:42,2023/07/06 06:34:40,8900,240,0.589,8610,5280
8190063,4G8165,2,4G816520890003Y,2023/07/06 07:16:54,2023/07/06 07:20:36,2023/07/06 06:28:26,2023/07/06 06:32:08,8900,238,0.588,8790,5296
8190123,4G8165,5,4G816550890004Y,2023/07/06 07:28:51,2023/07/06 07:32:42,2023/07/06 06:40:23,2023/07/06 06:44:14,8900,246,0.588,8730,5278
8190103,4G8165,1,4G816510890004Y,2023/07/06 07:24:30,2023/07/06 07:28:13,2023/07/06 06:36:12,2023/07/06 06:39:55,8900,242,0.59,8910,5284
8190143,4G8165,4,4G816540890004Y,2023/07/06 07:30:44,2023/07/06 07:34:27,2023/07/06 06:42:21,2023/07/06 06:46:04,8900,246,0.589,8730,5276
8190163,4G8165,2,4G816520890004Y,2023/07/06 07:31:34,2023/07/06 07:35:18,2023/07/06 06:43:11,2023/07/06 06:46:55,8900,247,0.589,8790,5270
8190184,4G8166,6,4G816660890001Y,2023/07/06 07:33:32,2023/07/06 07:37:25,2023/07/06 06:44:59,2023/07/06 06:48:52,8900,248,0.587,8620,5292
8190183,4G8166,3,4G816630890001Y,2023/07/06 07:33:22,2023/07/06 07:37:20,2023/07/06 06:45:04,2023/07/06 06:49:02,8900,248,0.59,8620,5296
8190203,4G8166,1,4G816610890001Y,2023/07/06 07:39:18,2023/07/06 07:43:01,2023/07/06 06:51:05,2023/07/06 06:54:48,8900,251,0.591,8910,5296
8190223,4G8166,5,4G816650890001Y,2023/07/06 07:43:23,2023/07/06 07:47:15,2023/07/06 06:54:55,2023/07/06 06:58:47,8900,255,0.588,8730,5278
8190243,4G8166,4,4G816640890001Y,2023/07/06 07:45:20,2023/07/06 07:49:03,2023/07/06 06:57:02,2023/07/06 07:00:45,8900,255,0.59,8730,5294
8190263,4G8166,2,4G816620890001Y,2023/07/06 07:46:16,2023/07/06 07:49:58,2023/07/06 06:58:03,2023/07/06 07:01:45,8900,256,0.591,8790,5294
8190284,4G8166,6,4G816660890002Y,2023/07/06 07:47:56,2023/07/06 07:51:49,2023/07/06 06:59:33,2023/07/06 07:03:26,8900,256,0.589,8620,5298
8190283,4G8166,3,4G816630890002Y,2023/07/06 07:47:46,2023/07/06 07:51:44,2023/07/06 06:59:28,2023/07/06 07:03:26,8900,257,0.59,8620,5304
8190323,4G8166,5,4G816650890002Y,2023/07/06 07:57:56,2023/07/06 08:01:48,2023/07/06 07:09:33,2023/07/06 07:13:25,8900,263,0.589,8810,5288
8190343,4G8166,4,4G816640890002Y,2023/07/06 07:59:56,2023/07/06 08:03:39,2023/07/06 07:11:33,2023/07/06 07:15:16,8900,263,0.589,8810,5268
8190303,4G8166,1,4G816610890002Y,2023/07/06 07:54:05,2023/07/06 07:57:49,2023/07/06 07:05:47,2023/07/06 07:09:31,8900,260,0.59,8990,5270
8190384,4G8166,6,4G816660890003Y,2023/07/06 08:02:19,2023/07/06 08:06:11,2023/07/06 07:14:10,2023/07/06 07:18:02,8900,265,0.592,8700,5288
8190383,4G8166,3,4G816630890003Y,2023/07/06 08:02:06,2023/07/06 08:06:04,2023/07/06 07:13:53,2023/07/06 07:17:51,8900,266,0.591,8700,5276
8190363,4G8166,2,4G816620890002Y,2023/07/06 08:00:56,2023/07/06 08:04:38,2023/07/06 07:12:43,2023/07/06 07:16:25,8900,264,0.591,8870,5270
8190423,4G8166,5,4G816650898003Y,2023/07/06 08:12:37,2023/07/06 08:16:29,2023/07/06 07:24:24,2023/07/06 07:28:16,8980,272,0.591,8810,5336
8190443,4G8166,4,4G816640898003Y,2023/07/06 08:14:41,2023/07/06 08:18:25,2023/07/06 07:26:18,2023/07/06 07:30:02,8980,272,0.589,8810,5334
8190403,4G8166,1,4G816610898003Y,2023/07/06 08:09:00,2023/07/06 08:12:43,2023/07/06 07:20:47,2023/07/06 07:24:30,8980,269,0.591,8990,5330
8190503,4G8166,6,4G816660898004Y,2023/07/06 08:16:49,2023/07/06 08:20:43,2023/07/06 07:28:26,2023/07/06 07:32:20,8980,274,0.589,8700,5324
8190483,4G8166,3,4G816630898004Y,2023/07/06 08:16:32,2023/07/06 08:20:29,2023/07/06 07:28:19,2023/07/06 07:32:16,8980,274,0.591,8700,5336
8190463,4G8166,2,4G816620898003Y,2023/07/06 08:15:45,2023/07/06 08:19:28,2023/07/06 07:27:22,2023/07/06 07:31:05,8980,273,0.589,8870,5332
8190543,4G8166,5,4G816650898004Y,2023/07/06 08:27:17,2023/07/06 08:31:09,2023/07/06 07:39:04,2023/07/06 07:42:56,8980,281,0.591,8820,5322
8190563,4G8166,4,4G816640898004Y,2023/07/06 08:29:25,2023/07/06 08:33:09,2023/07/06 07:41:07,2023/07/06 07:44:51,8980,281,0.59,8820,5318
8190523,4G8166,1,4G816610898004Y,2023/07/06 08:23:56,2023/07/06 08:27:39,2023/07/06 07:35:28,2023/07/06 07:39:11,8980,278,0.588,9000,5298
8190623,4G8166,6,4G816660898005Y,2023/07/06 08:31:24,2023/07/06 08:35:20,2023/07/06 07:43:01,2023/07/06 07:46:57,8980,282,0.589,8750,5322
8190603,4G8166,3,4G816630898005Y,2023/07/06 08:31:01,2023/07/06 08:34:59,2023/07/06 07:42:43,2023/07/06 07:46:41,8980,283,0.59,8720,5302
8190583,4G8166,2,4G816620898004Y,2023/07/06 08:30:36,2023/07/06 08:34:19,2023/07/06 07:42:18,2023/07/06 07:46:01,8980,282,0.59,8890,5320
8190663,4G8167,5,4G816750898001Y,2023/07/06 08:41:45,2023/07/06 08:45:22,2023/07/06 07:55:38,2023/07/06 07:59:15,8980,290,0.618,8820,5312
8190683,4G8167,4,4G816740898001Y,2023/07/06 08:43:48,2023/07/06 08:47:20,2023/07/06 07:57:50,2023/07/06 08:01:22,8980,290,0.62,8820,5312
8190643,4G8167,1,4G816710898001Y,2023/07/06 08:38:46,2023/07/06 08:42:26,2023/07/06 07:52:39,2023/07/06 07:56:19,8980,287,0.618,9000,5294
8190743,4G8167,6,4G816760898001Y,2023/07/06 08:45:35,2023/07/06 08:49:26,2023/07/06 07:59:46,2023/07/06 08:03:37,8980,291,0.622,8750,5316
8190723,4G8167,3,4G816730898001Y,2023/07/06 08:45:06,2023/07/06 08:48:48,2023/07/06 07:59:17,2023/07/06 08:02:59,8980,292,0.622,8720,5296
8190703,4G8167,2,4G816720898001Y,2023/07/06 08:45:02,2023/07/06 08:48:35,2023/07/06 07:59:04,2023/07/06 08:02:37,8980,291,0.62,8890,5326
8190783,4G8167,5,4G816750898002Y,2023/07/06 08:55:45,2023/07/06 08:59:23,2023/07/06 08:02:11,2023/07/06 08:05:49,8980,298,0.532,8820,5302
8190803,4G8167,4,4G816740898002Y,2023/07/06 08:57:50,2023/07/06 09:01:36,2023/07/06 08:03:57,2023/07/06 08:07:43,8980,298,0.529,8820,5300
8190763,4G8167,1,4G816710898002Y,2023/07/06 08:53:00,2023/07/06 08:56:39,2023/07/06 08:07:06,2023/07/06 08:10:45,8980,296,0.621,9000,5308
8190843,4G8167,6,4G816760898002Y,2023/07/06 08:59:45,2023/07/06 09:03:54,2023/07/06 08:05:59,2023/07/06 08:10:08,8980,300,0.53,8750,5324
8190824,4G8167,3,4G816730898002Y,2023/07/06 08:59:07,2023/07/06 09:03:10,2023/07/06 08:05:21,2023/07/06 08:09:24,8980,300,0.53,8720,5302
8190823,4G8167,2,4G816720898002Y,2023/07/06 08:59:20,2023/07/06 09:03:09,2023/07/06 08:05:58,2023/07/06 08:09:47,8980,300,0.534,8890,5302
8190883,4G8167,5,4G816750898003Y,2023/07/06 09:11:47,2023/07/06 09:15:40,2023/07/06 08:17:48,2023/07/06 08:21:41,8980,307,0.528,11830,5322
8190903,4G8167,4,4G816740898003Y,2023/07/06 09:14:17,2023/07/06 09:18:01,2023/07/06 08:20:18,2023/07/06 08:24:02,8980,307,0.528,9960,5320
8190863,4G8167,1,4G816710898003Y,2023/07/06 09:08:46,2023/07/06 09:12:41,2023/07/06 08:15:00,2023/07/06 08:18:55,8980,305,0.53,9040,5296
8190963,4G8167,6,4G816760898003Y,2023/07/06 09:15:59,2023/07/06 09:20:08,2023/07/06 08:21:54,2023/07/06 08:26:03,8980,309,0.527,8780,5314
8190923,4G8167,3,4G816730898003Y,2023/07/06 09:15:19,2023/07/06 09:19:21,2023/07/06 08:21:26,2023/07/06 08:25:28,8980,309,0.529,9880,5330
8190943,4G8167,2,4G816720898003Y,2023/07/06 09:15:52,2023/07/06 09:19:41,2023/07/06 08:21:59,2023/07/06 08:25:48,8980,309,0.529,10010,5304
8191023,4G8167,2,4G816720898004Y,2023/07/06 09:32:24,2023/07/06 09:36:10,2023/07/06 08:48:29,2023/07/06 08:52:15,8980,318,0.649,8910,5342
8191003,4G8167,1,4G816711195004Y,2023/07/06 09:30:56,2023/07/06 09:34:50,2023/07/06 08:37:16,2023/07/06 08:41:10,11950,317,0.531,12000,7100
8190983,4G8167,5,4G816751008004H,2023/07/06 09:30:17,2023/07/06 09:34:12,2023/07/06 08:36:18,2023/07/06 08:40:13,10080,317,0.528,9980,6016
8191043,4G8167,4,4G816741008004H,2023/07/06 09:32:51,2023/07/06 09:36:42,2023/07/06 08:48:56,2023/07/06 08:52:47,10080,318,0.649,8390,6032
8191063,4G8167,3,4G816731008004H,2023/07/06 09:33:36,2023/07/06 09:37:38,2023/07/06 08:49:41,2023/07/06 08:53:43,10080,319,0.649,9880,6062
8191083,4G8167,6,4G816761008004H,2023/07/06 09:34:19,2023/07/06 09:38:22,2023/07/06 08:50:24,2023/07/06 08:54:27,10080,319,0.649,9880,6066
8191143,4G8168,5,4G816851008001H,2023/07/06 09:46:17,2023/07/06 09:49:53,2023/07/06 09:02:18,2023/07/06 09:05:54,10080,327,0.648,9980,6032
8191183,4G8168,1,4G816811008001H,2023/07/06 09:47:00,2023/07/06 09:50:39,2023/07/06 09:03:05,2023/07/06 09:06:44,10080,327,0.649,10130,6024
8191123,4G8168,4,4G816840849001H,2023/07/06 09:46:00,2023/07/06 09:49:31,2023/07/06 09:02:05,2023/07/06 09:05:36,8490,326,0.649,8390,5070
8191163,4G8168,3,4G816830849001H,2023/07/06 09:46:25,2023/07/06 09:50:07,2023/07/06 09:02:34,2023/07/06 09:06:16,8490,327,0.65,8290,5088
8191103,4G8168,2,4G816820849001H,2023/07/06 09:45:40,2023/07/06 09:49:12,2023/07/06 09:01:49,2023/07/06 09:05:21,8490,326,0.65,8420,5084
8191203,4G8168,6,4G816860849001H,2023/07/06 09:47:02,2023/07/06 09:50:51,2023/07/06 09:03:07,2023/07/06 09:06:56,8490,327,0.649,8290,5086
8191264,4G8168,6,4G816860849002H,2023/07/06 09:59:36,2023/07/06 10:03:28,2023/07/06 09:15:37,2023/07/06 09:19:29,8490,335,0.648,8290,4974
8191244,4G8168,5,4G816850841002H,2023/07/06 09:58:51,2023/07/06 10:02:27,2023/07/06 09:15:04,2023/07/06 09:18:40,8410,336,0.651,8390,4950
8191243,4G8168,4,4G816840841002H,2023/07/06 09:58:38,2023/07/06 10:02:09,2023/07/06 09:14:39,2023/07/06 09:18:10,8410,334,0.648,8390,4928
8191245,4G8168,3,4G816830841002H,2023/07/06 09:58:50,2023/07/06 10:02:32,2023/07/06 09:14:51,2023/07/06 09:18:33,8410,336,0.648,8290,4936
8191223,4G8168,2,4G816820841002H,2023/07/06 09:58:18,2023/07/06 10:01:51,2023/07/06 09:14:39,2023/07/06 09:18:12,8410,335,0.653,8420,4948
8191263,4G8168,1,4G816810841002H,2023/07/06 09:59:44,2023/07/06 10:03:23,2023/07/06 09:15:49,2023/07/06 09:19:28,8410,336,0.649,8540,4932
8191343,4G8168,6,4G816860841003H,2023/07/06 10:12:10,2023/07/06 10:16:03,2023/07/06 09:28:23,2023/07/06 09:32:16,8410,344,0.651,8340,4952
8191323,4G8168,5,4G816850849003H,2023/07/06 10:11:38,2023/07/06 10:15:14,2023/07/06 09:27:43,2023/07/06 09:31:19,8490,344,0.649,8440,5002
8191303,4G8168,4,4G816840849003H,2023/07/06 10:11:27,2023/07/06 10:14:58,2023/07/06 09:27:36,2023/07/06 09:31:07,8490,342,0.65,8690,4998
8191324,4G8168,3,4G816830849003H,2023/07/06 10:11:32,2023/07/06 10:15:17,2023/07/06 09:27:33,2023/07/06 09:31:18,8490,344,0.648,8340,5020
8191283,4G8168,2,4G816820849003H,2023/07/06 10:11:09,2023/07/06 10:14:41,2023/07/06 09:27:10,2023/07/06 09:30:42,8490,343,0.648,8720,5028
8191363,4G8168,1,4G816810849003H,2023/07/06 10:12:42,2023/07/06 10:16:21,2023/07/06 09:28:47,2023/07/06 09:32:26,8490,344,0.649,8590,5008
8191423,4G8168,6,4G816860849004H,2023/07/06 10:24:54,2023/07/06 10:28:43,2023/07/06 09:41:03,2023/07/06 09:44:52,8490,352,0.65,8590,5172
8191385,4G8168,5,4G816850849004H,2023/07/06 10:24:26,2023/07/06 10:28:02,2023/07/06 09:40:35,2023/07/06 09:44:11,8490,353,0.65,8690,5122
8191384,4G8169,3,4G816930849004F,2023/07/06 10:24:18,2023/07/06 10:27:59,2023/07/06 09:40:19,2023/07/06 09:44:00,8490,352,0.648,8590,5160
8191443,4G8169,1,4G816910849004F,2023/07/06 10:25:40,2023/07/06 10:29:19,2023/07/06 09:41:45,2023/07/06 09:45:24,8490,353,0.649,8840,5124
8191403,4G8169,4,4G816940874004F,2023/07/06 10:24:43,2023/07/06 10:28:14,2023/07/06 09:40:52,2023/07/06 09:44:23,8740,351,0.65,8690,5292
8191383,4G8169,2,4G816920874004F,2023/07/06 10:24:25,2023/07/06 10:27:57,2023/07/06 09:40:30,2023/07/06 09:44:02,8740,352,0.649,8720,5288
8191963,4G8170,5,4G817050894002H,2023/07/07 01:48:26,2023/07/07 01:52:14,2023/07/07 00:57:16,2023/07/07 01:01:04,8940,41,0.557,8980,5342
8191964,4G8170,4,4G817040894002H,2023/07/07 01:48:35,2023/07/07 01:52:21,2023/07/07 00:57:19,2023/07/07 01:01:05,8940,41,0.556,8980,5300
8191945,4G8170,3,4G817030898002H,2023/07/07 01:48:05,2023/07/07 01:52:01,2023/07/07 00:57:11,2023/07/07 01:01:07,8980,42,0.56,8980,5398
8191965,4G8170,2,4G817020898002H,2023/07/07 01:48:36,2023/07/07 01:52:24,2023/07/07 00:57:48,2023/07/07 01:01:36,8980,41,0.561,8980,5328
8191944,4G8170,1,4G817010898002H,2023/07/07 01:48:07,2023/07/07 01:52:00,2023/07/07 00:57:08,2023/07/07 01:01:01,8980,41,0.559,8980,5244
8191983,4G8170,6,4G817060898003H,2023/07/07 02:03:47,2023/07/07 02:07:42,2023/07/07 01:12:37,2023/07/07 01:16:32,8980,50,0.557,8980,5442
8192003,4G8170,5,4G817050898003H,2023/07/07 02:04:13,2023/07/07 02:07:57,2023/07/07 01:13:08,2023/07/07 01:16:52,8980,50,0.558,8980,5380
8191984,4G8170,3,4G817030898003H,2023/07/07 02:03:45,2023/07/07 02:07:43,2023/07/07 01:12:40,2023/07/07 01:16:38,8980,51,0.558,8950,5410
8192043,4G8170,4,4G817040898003H,2023/07/07 02:04:29,2023/07/07 02:08:21,2023/07/07 01:13:35,2023/07/07 01:17:27,8980,50,0.56,9020,5392
8192023,4G8170,2,4G817020898003H,2023/07/07 02:04:26,2023/07/07 02:08:16,2023/07/07 01:13:32,2023/07/07 01:17:22,8980,50,0.56,9000,5368
8192004,4G8170,1,4G817010898003H,2023/07/07 02:04:06,2023/07/07 02:07:59,2023/07/07 01:12:45,2023/07/07 01:16:38,8980,51,0.555,9150,5370
8192083,4G8170,6,4G817060898004H,2023/07/07 02:19:08,2023/07/07 02:23:03,2023/07/07 01:30:45,2023/07/07 01:34:40,8980,59,0.589,8880,5388
8192103,4G8170,5,4G817050898004H,2023/07/07 02:19:38,2023/07/07 02:23:25,2023/07/07 01:31:39,2023/07/07 01:35:26,8980,59,0.594,8970,5374
8192063,4G8170,3,4G817030898004H,2023/07/07 02:19:01,2023/07/07 02:22:52,2023/07/07 01:30:33,2023/07/07 01:34:24,8980,60,0.588,8880,5376
8192124,4G8170,4,4G817040898004H,2023/07/07 02:19:57,2023/07/07 02:23:43,2023/07/07 01:31:39,2023/07/07 01:35:25,8980,59,0.59,8960,5368
8192125,4G8170,2,4G817020898004H,2023/07/07 02:19:53,2023/07/07 02:23:47,2023/07/07 01:31:30,2023/07/07 01:35:24,8980,60,0.589,8980,5356
8192123,4G8170,1,4G817010898004H,2023/07/07 02:19:47,2023/07/07 02:23:39,2023/07/07 01:31:29,2023/07/07 01:35:21,8980,60,0.59,9150,5374
8192163,4G8170,6,4G817060898005H,2023/07/07 02:33:55,2023/07/07 02:37:51,2023/07/07 01:45:32,2023/07/07 01:49:28,8980,68,0.589,8870,5358
8192183,4G8170,5,4G817050898005H,2023/07/07 02:34:32,2023/07/07 02:38:20,2023/07/07 01:46:14,2023/07/07 01:50:02,8980,68,0.59,8940,5342
8192143,4G8170,3,4G817030898005H,2023/07/07 02:33:45,2023/07/07 02:37:36,2023/07/07 01:45:22,2023/07/07 01:49:13,8980,68,0.589,8850,5346
8192204,4G8170,4,4G817040898005H,2023/07/07 02:34:54,2023/07/07 02:38:43,2023/07/07 01:46:31,2023/07/07 01:50:20,8980,68,0.589,8940,5346
8192203,4G8170,2,4G817020898005H,2023/07/07 02:34:52,2023/07/07 02:38:39,2023/07/07 01:46:34,2023/07/07 01:50:21,8980,69,0.59,8980,5342
8192205,4G8170,1,4G817010898005H,2023/07/07 02:34:53,2023/07/07 02:38:45,2023/07/07 01:46:35,2023/07/07 01:50:27,8980,69,0.59,9110,5342
8192243,4G8171,6,4G817160898001H,2023/07/07 02:48:43,2023/07/07 02:52:38,2023/07/07 02:00:20,2023/07/07 02:04:15,8980,77,0.589,8860,5360
8192263,4G8171,5,4G817150898001H,2023/07/07 02:49:28,2023/07/07 02:53:19,2023/07/07 02:01:05,2023/07/07 02:04:56,8980,77,0.589,8950,5346
8192223,4G8171,3,4G817130898001H,2023/07/07 02:48:33,2023/07/07 02:52:30,2023/07/07 02:00:00,2023/07/07 02:03:57,8980,77,0.587,8860,5346
8192283,4G8171,4,4G817140898001H,2023/07/07 02:49:54,2023/07/07 02:53:39,2023/07/07 02:01:31,2023/07/07 02:05:16,8980,77,0.589,8950,5344
8192284,4G8171,2,4G817120898001H,2023/07/07 02:49:54,2023/07/07 02:53:45,2023/07/07 02:01:26,2023/07/07 02:05:17,8980,78,0.588,9000,5354
8192303,4G8171,1,4G817110898001H,2023/07/07 02:50:03,2023/07/07 02:53:55,2023/07/07 02:01:40,2023/07/07 02:05:32,8980,78,0.589,9130,5348
8192343,4G8171,6,4G817160898002H,2023/07/07 03:03:29,2023/07/07 03:07:25,2023/07/07 02:15:25,2023/07/07 02:19:21,8980,86,0.593,8860,5370
8192363,4G8171,5,4G817150898002H,2023/07/07 03:04:23,2023/07/07 03:08:11,2023/07/07 02:16:05,2023/07/07 02:19:53,8980,86,0.59,8960,5372
8192323,4G8171,3,4G817130898002H,2023/07/07 03:03:18,2023/07/07 03:07:09,2023/07/07 02:14:50,2023/07/07 02:18:41,8980,86,0.588,8880,5376
8192383,4G8171,4,4G817140898002H,2023/07/07 03:04:52,2023/07/07 03:08:39,2023/07/07 02:16:29,2023/07/07 02:20:16,8980,86,0.589,8960,5350
8192403,4G8171,2,4G817120898002H,2023/07/07 03:04:55,2023/07/07 03:08:46,2023/07/07 02:16:37,2023/07/07 02:20:28,8980,87,0.59,9000,5360
8192423,4G8171,1,4G817110898002H,2023/07/07 03:05:12,2023/07/07 03:09:05,2023/07/07 02:17:03,2023/07/07 02:20:56,8980,87,0.592,9130,5344
8192463,4G8171,6,4G817160898003H,2023/07/07 03:18:16,2023/07/07 03:22:12,2023/07/07 02:30:03,2023/07/07 02:33:59,8980,95,0.591,8280,5394
8192503,4G8171,5,4G817150898003H,2023/07/07 03:19:17,2023/07/07 03:23:08,2023/07/07 02:30:54,2023/07/07 02:34:45,8980,95,0.589,8940,5388
8192523,4G8171,4,4G817140898003H,2023/07/07 03:19:52,2023/07/07 03:23:45,2023/07/07 02:31:39,2023/07/07 02:35:32,8980,95,0.591,8960,5392
8192443,4G8171,3,4G817130841003H,2023/07/07 03:17:05,2023/07/07 03:21:01,2023/07/07 02:28:42,2023/07/07 02:32:38,8410,95,0.589,8620,5038
8192483,4G8171,2,4G817120841003H,2023/07/07 03:19:00,2023/07/07 03:22:49,2023/07/07 02:30:37,2023/07/07 02:34:26,8410,95,0.589,8760,5042
8192504,4G8171,1,4G817110841003H,2023/07/07 03:19:25,2023/07/07 03:23:17,2023/07/07 02:31:02,2023/07/07 02:34:54,8410,96,0.589,8890,5044
8192563,4G8171,6,4G817160841004H,2023/07/07 03:32:03,2023/07/07 03:35:59,2023/07/07 02:43:50,2023/07/07 02:47:46,8410,103,0.591,8590,5048
8192583,4G8171,5,4G817150841004H,2023/07/07 03:33:15,2023/07/07 03:37:05,2023/07/07 02:44:47,2023/07/07 02:48:37,8410,103,0.588,8700,5040
8192623,4G8171,4,4G817140841004H,2023/07/07 03:33:55,2023/07/07 03:37:41,2023/07/07 02:45:37,2023/07/07 02:49:23,8410,104,0.59,8960,5064
8192543,4G8171,3,4G817130874004H,2023/07/07 03:31:26,2023/07/07 03:35:21,2023/07/07 02:42:58,2023/07/07 02:46:53,8740,103,0.588,8860,5258
8192603,4G8171,2,4G817120874004H,2023/07/07 03:33:37,2023/07/07 03:37:28,2023/07/07 02:45:19,2023/07/07 02:49:10,8740,104,0.59,9000,5248
8192643,4G8171,1,4G817110874004H,2023/07/07 03:34:11,2023/07/07 03:38:03,2023/07/07 02:45:48,2023/07/07 02:49:40,8740,105,0.589,9130,5238
8192683,4G8172,6,4G817260874001H,2023/07/07 03:46:18,2023/07/07 03:50:14,2023/07/07 02:57:35,2023/07/07 03:01:31,8740,112,0.585,8780,5226
8192703,4G8172,5,4G817250874001H,2023/07/07 03:47:41,2023/07/07 03:51:26,2023/07/07 02:59:18,2023/07/07 03:03:03,8740,112,0.589,8890,5222
8192663,4G8172,3,4G817230898001H,2023/07/07 03:46:10,2023/07/07 03:50:02,2023/07/07 02:57:47,2023/07/07 03:01:39,8980,112,0.589,8860,5408
8192743,4G8172,4,4G817240898001H,2023/07/07 03:48:46,2023/07/07 03:52:36,2023/07/07 03:00:23,2023/07/07 03:04:13,8980,113,0.589,8900,5380
8192723,4G8172,2,4G817220898001H,2023/07/07 03:48:32,2023/07/07 03:52:19,2023/07/07 03:00:09,2023/07/07 03:03:56,8980,113,0.589,8930,5354
8192763,4G8172,1,4G817210898001H,2023/07/07 03:49:15,2023/07/07 03:53:08,2023/07/07 03:00:52,2023/07/07 03:04:45,8980,114,0.589,9070,5374
8192803,4G8172,6,4G817260898002H,2023/07/07 04:00:53,2023/07/07 04:04:49,2023/07/07 03:12:30,2023/07/07 03:16:26,8980,120,0.589,8740,5354
8192823,4G8172,5,4G817250898002H,2023/07/07 04:02:29,2023/07/07 04:06:15,2023/07/07 03:14:01,2023/07/07 03:17:47,8980,121,0.588,8880,5358
8192783,4G8172,3,4G817230898002H,2023/07/07 04:00:42,2023/07/07 04:04:38,2023/07/07 03:12:29,2023/07/07 03:16:25,8980,121,0.591,10050,5342
8192863,4G8172,4,4G817240898002H,2023/07/07 04:03:39,2023/07/07 04:07:25,2023/07/07 03:15:16,2023/07/07 03:19:02,8980,121,0.589,8880,5366
8192843,4G8172,2,4G817220898002H,2023/07/07 04:03:26,2023/07/07 04:07:11,2023/07/07 03:14:48,2023/07/07 03:18:33,8980,122,0.586,8920,5354
8192883,4G8172,1,4G817210898002H,2023/07/07 04:04:13,2023/07/07 04:08:06,2023/07/07 03:15:55,2023/07/07 03:19:48,8980,123,0.59,9020,5344
8192903,4G8172,6,4G817260898003H,2023/07/07 04:15:27,2023/07/07 04:19:23,2023/07/07 03:27:23,2023/07/07 03:31:19,8980,129,0.593,10040,5348
8192963,4G8172,2,4G817220898003H,2023/07/07 04:18:21,2023/07/07 04:22:14,2023/07/07 03:24:35,2023/07/07 03:28:28,8980,131,0.53,10230,5356
8192983,4G8172,1,4G817210898003H,2023/07/07 04:19:13,2023/07/07 04:23:08,2023/07/07 03:25:20,2023/07/07 03:29:15,8980,132,0.529,10340,5348
8192923,4G8172,5,4G817250898003H,2023/07/07 04:17:15,2023/07/07 04:21:00,2023/07/07 03:28:57,2023/07/07 03:32:42,8980,130,0.59,10170,5350
8192964,4G8172,4,4G817240898003H,2023/07/07 04:18:25,2023/07/07 04:22:18,2023/07/07 03:24:45,2023/07/07 03:28:38,8980,130,0.531,10150,5340
8192943,4G8172,3,4G817231029003H,2023/07/07 04:17:30,2023/07/07 04:21:27,2023/07/07 03:23:13,2023/07/07 03:27:10,10290,131,0.525,10090,6172
8193003,4G8172,6,4G817261029004H,2023/07/07 04:33:31,2023/07/07 04:37:30,2023/07/07 03:39:45,2023/07/07 03:43:44,10290,139,0.53,10040,6128
8193023,4G8172,5,4G817251029001H,2023/07/07 04:35:40,2023/07/07 04:39:35,2023/07/07 03:41:41,2023/07/07 03:45:36,10290,140,0.528,10170,6086
8193024,4G8172,3,4G817231029001H,2023/07/07 04:35:47,2023/07/07 04:39:48,2023/07/07 03:41:54,2023/07/07 03:45:55,10290,141,0.529,10090,6152
8193043,4G8172,4,4G817241029001H,2023/07/07 04:37:01,2023/07/07 04:40:57,2023/07/07 03:43:15,2023/07/07 03:47:11,10290,140,0.53,10150,6090
8193044,4G8172,2,4G817221029001H,2023/07/07 04:37:02,2023/07/07 04:40:58,2023/07/07 03:43:16,2023/07/07 03:47:12,10290,141,0.53,10230,6120
8193063,4G8173,1,4G817311029001Z,2023/07/07 04:38:04,2023/07/07 04:42:00,2023/07/07 03:44:18,2023/07/07 03:48:14,10290,142,0.53,10340,6102
8193083,4G8173,6,4G817361029001Z,2023/07/07 04:52:12,2023/07/07 04:56:11,2023/07/07 03:58:26,2023/07/07 04:02:25,10290,149,0.53,10040,6106
8193104,4G8173,5,4G817351029002Z,2023/07/07 04:54:34,2023/07/07 04:58:28,2023/07/07 04:00:29,2023/07/07 04:04:23,10290,150,0.527,10250,6108
8193103,4G8173,3,4G817331029002Z,2023/07/07 04:54:26,2023/07/07 04:58:27,2023/07/07 04:00:40,2023/07/07 04:04:41,10290,151,0.53,10070,6122
8193123,4G8173,4,4G817341029002Z,2023/07/07 04:55:59,2023/07/07 04:59:55,2023/07/07 04:02:06,2023/07/07 04:06:02,10290,150,0.529,10170,6106
8193124,4G8173,2,4G817321029002Z,2023/07/07 04:56:03,2023/07/07 04:59:59,2023/07/07 04:02:10,2023/07/07 04:06:06,10290,151,0.529,10230,6116
8193143,4G8173,1,4G817311029002Z,2023/07/07 04:57:13,2023/07/07 05:01:09,2023/07/07 04:03:27,2023/07/07 04:07:23,10290,152,0.53,10440,6116
8193163,4G8173,6,4G817361029002Z,2023/07/07 05:11:01,2023/07/07 05:14:59,2023/07/07 04:17:21,2023/07/07 04:21:19,10290,159,0.531,10110,6132
8193203,4G8173,5,4G817351029003Z,2023/07/07 05:13:31,2023/07/07 05:17:25,2023/07/07 04:19:26,2023/07/07 04:23:20,10290,160,0.527,10640,6130
8193183,4G8173,3,4G817331008003Z,2023/07/07 05:12:50,2023/07/07 05:16:51,2023/07/07 04:18:57,2023/07/07 04:22:58,10080,161,0.529,10530,6022
8193223,4G8173,4,4G817341008003Z,2023/07/07 05:14:42,2023/07/07 05:18:39,2023/07/07 04:20:49,2023/07/07 04:24:46,10080,161,0.529,10640,6008
8193224,4G8173,2,4G817321008003Z,2023/07/07 05:14:48,2023/07/07 05:18:45,2023/07/07 04:21:08,2023/07/07 04:25:05,10080,161,0.531,10690,6012
8193243,4G8173,1,4G817311008003Z,2023/07/07 05:16:07,2023/07/07 05:20:04,2023/07/07 04:22:14,2023/07/07 04:26:11,10080,162,0.529,10860,6002
8193263,4G8173,6,4G817361008003Z,2023/07/07 05:29:22,2023/07/07 05:33:21,2023/07/07 04:35:42,2023/07/07 04:39:41,10080,169,0.531,10490,5916
8193303,4G8173,5,4G817351068004Z,2023/07/07 05:33:10,2023/07/07 05:37:06,2023/07/07 04:39:11,2023/07/07 04:43:07,10680,171,0.528,10630,6306
8193283,4G8173,3,4G817331068004Z,2023/07/07 05:32:19,2023/07/07 05:36:19,2023/07/07 04:38:33,2023/07/07 04:42:33,10680,171,0.53,10510,6294
8193323,4G8173,4,4G817341068004Z,2023/07/07 05:34:27,2023/07/07 05:38:24,2023/07/07 04:40:41,2023/07/07 04:44:38,10680,171,0.53,10640,6330
8193343,4G8173,2,4G817321068004Z,2023/07/07 05:34:41,2023/07/07 05:38:37,2023/07/07 04:40:48,2023/07/07 04:44:44,10680,172,0.529,10690,6334
8193363,4G8173,1,4G817311068004Z,2023/07/07 05:36:06,2023/07/07 05:40:03,2023/07/07 04:42:13,2023/07/07 04:46:10,10680,173,0.529,10860,6328
