SEQ,CREATE_DATE,HEAT_NO,GRADE,STEEL_NAME,SPEC_ABBSYM,CAST_SPEED,STRAND_NO,TOUCH_SETTING,REAL_CUT_LENGTH,EA_WGT,REAL_WEIGHT,SHIFT_ID,ITEM_CODE,STEEL_GRP
8182683,20230704120024,4G8148, , ,HBT1**,1.06,2,8158,8278,2586086,2608,C,BL2020,일반강
8182705,20230704120111,4G8148, , ,HBT1**,1.061,1,8158,8358,2586086,2602,C,BL2020,일반강
8182723,20230704120625,4G8148, , ,HBT1**,1.179,4,8158,8268,2586086,2606,C,BL2020,일반강
8182724,20230704120801,4G8148, , ,HBT1**,1.179,2,8158,8258,2586086,2618,C,BL2020,일반강
8182743,20230704120713,4G8148, , ,HBT1**,1.18,3,8158,8328,2586086,2610,C,BL2020,일반강
8182744,20230704120449,4G8148, , ,HBT1**,1.18,6,8158,8278,2586086,2586,C,BL2020,일반강
8182745,20230704120848,4G8148, , ,HBT1**,1.177,1,8158,8328,2586086,2588,C,BL2020,일반강
8182746,20230704120537,4G8148, , ,HBT1**,1.179,5,8158,8298,2586086,2596,C,BL2020,일반강
8182763,20230704121336,4G8148, , ,HBT1**,1.179,4,8158,8268,2586086,2584,C,BL2020,일반강
8182764,20230704121512,4G8148, , ,HBT1**,1.179,2,8158,8258,2586086,2616,C,BL2020,일반강
8182783,20230704121424,4G8148, , ,HBT1**,1.18,3,8158,8328,2586086,2610,C,BL2020,일반강
8182784,20230704121201,4G8148, , ,HBT1**,1.179,6,8158,8278,2586086,2586,C,BL2020,일반강
8182785,20230704121600,4G8148, , ,HBT1**,1.18,1,8158,8328,2586086,2588,C,BL2020,일반강
8182803,20230704121249,4G8148, , ,HBT1**,1.18,5,8158,8298,2586086,2586,C,BL2020,일반강
8182823,20230704122026,4G8148, , ,HBT1**,1.179,4,8158,8268,2586086,2576,C,BL2020,일반강
8182824,20230704122203,4G8148, , ,HBT1**,1.179,2,8158,8258,2586086,2612,C,BL2020,일반강
8182843,20230704122115,4G8148, , ,HBT1**,1.179,3,8158,8328,2586086,2614,C,BL2020,일반강
8182844,20230704121851,4G8148, , ,HBT1**,1.18,6,8158,8278,2586086,2586,C,BL2020,일반강
8182845,20230704122250,4G8148, , ,HBT1**,1.179,1,8158,8328,2586086,2596,C,BL2020,일반강
8182846,20230704121939,4G8148, , ,HBT1**,1.179,5,8158,8298,2586086,2588,C,BL2020,일반강
8182863,20230704122757,4G8148, , ,HBT1**,1.179,4,8158,8268,2586086,2564,C,BL2020,일반강
8182864,20230704122931,4G8148, , ,HBT1**,1.181,2,8158,8258,2586086,2612,C,BL2020,일반강
8182883,20230704122844,4G8148, , ,HBT1**,1.178,3,8158,8328,2586086,2594,C,BL2020,일반강
8182884,20230704122620,4G8148, , ,HBT1**,1.178,6,8158,8278,2586086,2584,C,BL2020,일반강
8182885,20230704123019,4G8148, , ,HBT1**,1.179,1,8158,8328,2586086,2590,C,BL2020,일반강
8182886,20230704122708,4G8148, , ,HBT1**,1.179,5,8158,8298,2586086,2594,C,BL2020,일반강
8182903,20230704123501,4G8148, , ,HBT1**,1.179,4,8158,8268,2586086,2608,C,BL2020,일반강
8182904,20230704123637,4G8148, , ,HBT1**,1.18,2,8158,8258,2586086,2626,C,BL2020,일반강
8182923,20230704123549,4G8148, , ,HBT1**,1.178,3,8158,8328,2586086,2608,C,BL2020,일반강
8182924,20230704123325,4G8148, , ,HBT1**,1.179,6,8158,8298,2586086,2612,C,BL2020,일반강
8182925,20230704123724,4G8148, , ,HBT1**,1.182,1,8158,8328,2586086,2602,C,BL2020,일반강
8182943,20230704123413,4G8148, , ,HBT1**,1.18,5,8158,8308,2586086,2606,C,BL2020,일반강
8182963,20230704124131,4G8149, , ,HBT1**,1.179,4,8158,8268,2586086,2624,C,BL2020,일반강
8182964,20230704124305,4G8149, , ,HBT1**,1.18,2,8158,8258,2586086,2608,C,BL2020,일반강
8182983,20230704124218,4G8149, , ,HBT1**,1.179,3,8158,8328,2586086,2616,C,BL2020,일반강
8182984,20230704123957,4G8149, , ,HBT1**,1.179,6,8158,8298,2586086,2610,C,BL2020,일반강
8183003,20230704124352,4G8149, , ,HBT1**,1.18,1,8158,8328,2586086,2606,C,BL2020,일반강
8183004,20230704124044,4G8149, , ,HBT1**,1.179,5,8158,8308,2586086,2606,C,BL2020,일반강
8183023,20230704125018,4G8149, , ,HBT1**,1.178,2,8158,8258,2586086,2610,C,BL2020,일반강
8183024,20230704124843,4G8149, , ,HBT1**,1.18,4,8158,8268,2586086,2628,C,BL2020,일반강
8183043,20230704124931,4G8149, , ,HBT1**,1.179,3,8158,8328,2586086,2612,C,BL2020,일반강
8183044,20230704124709,4G8149, , ,HBT1**,1.179,6,8158,8298,2586086,2610,C,BL2020,일반강
8183063,20230704125105,4G8149, , ,HBT1**,1.179,1,8158,8328,2586086,2612,C,BL2020,일반강
8183064,20230704124758,4G8149, , ,HBT1**,1.179,5,8158,8308,2586086,2604,C,BL2020,일반강
8183083,20230704135416,4G8149, , ,HBT1**,1.179,2,8158,8258,2586086,2572,C,BL2020,일반강
8183084,20230704135229,4G8149, , ,HBT1**,1.179,4,8158,8268,2586086,2600,C,BL2020,일반강
8183103,20230704135328,4G8149, , ,HBT1**,1.176,3,8158,8328,2586086,2638,C,BL2020,일반강
8183104,20230704125423,4G8149, , ,HBT1**,1.18,6,8158,8298,2586086,2614,C,BL2020,일반강
8183123,20230704125818,4G8149, , ,HBT1**,1.18,1,8158,8328,2586086,2598,C,BL2020,일반강
8183124,20230704135143,4G8149, , ,HBT1**,1.179,5,8158,8308,2586086,2626,C,BL2020,일반강
8183143,20230704130508,4G8149, , ,HBT1**,1.181,2,8158,8258,2586086,2576,C,BL2020,일반강
8183144,20230704130332,4G8149, , ,HBT1**,1.179,4,8158,8268,2586086,2602,C,BL2020,일반강
8183163,20230704130419,4G8149, , ,HBT1**,1.179,3,8158,8328,2586086,2616,C,BL2020,일반강
8183164,20230704130157,4G8149, , ,HBT1**,1.18,6,8158,8268,2586086,2604,C,BL2020,일반강
8183183,20230704130554,4G8149, , ,HBT1**,1.179,1,8158,8328,2586086,2592,C,BL2020,일반강
8183203,20230704130244,4G8149, , ,HBT1**,1.14,5,8158,,2586086,2604,C,BL2020,일반강
8183223,20230704131331,4G8149, , ,HBT1**,1.177,2,8158,8258,2586086,2572,C,BL2020,일반강
8183224,20230704131155,4G8149, , ,HBT1**,1.179,4,8158,8248,2586086,2604,C,BL2020,일반강
8183243,20230704131243,4G8149, , ,HBT1**,1.182,3,8158,8298,2586086,2600,C,BL2020,일반강
8183244,20230704131023,4G8149, , ,HBT1**,1.178,6,8158,8268,2586086,2600,C,BL2020,일반강
8183263,20230704131110,4G8149, , ,HBT1**,1.15,5,8158,8308,2586086,2610,C,BL2020,일반강
8183283,20230704131934,4G8149, , ,HBT1**,1.149,1,8158,8328,2586086,2608,C,BL2020,일반강
8183303,20230704131848,4G8149, , ,HBT1**,1.15,2,8158,8258,2586086,2578,C,BL2020,일반강
8183304,20230704131713,4G8149, , ,HBT1**,1.149,4,8158,8248,2586086,2602,C,BL2020,일반강
8183323,20230704131801,4G8149, , ,HBT1**,1.149,3,8158,8298,2586086,2598,C,BL2020,일반강
8183343,20230704131627,4G8149, , ,HBT1**,1.149,6,8158,8268,2586086,2584,C,BL2020,일반강
8183383,20230704132702,4G8149, , ,HBT1**,1.15,1,8158,8328,2586086,2602,C,BL2020,일반강
8183423,20230704132613,4G8149, , ,HBT1**,1.15,2,8158,8258,2586086,2578,C,BL2020,일반강
8183424,20230704132439,4G8149, , ,HBT1**,1.15,4,8158,8248,2586086,2608,C,BL2020,일반강
8183443,20230704132527,4G8149, , ,HBT1**,1.149,3,8158,8298,2586086,2606,C,BL2020,일반강
8183463,20230704132352,4G8149, , ,HBT1**,1.149,6,8158,8268,2586086,2602,C,BL2020,일반강
8183663,20230704135054,4G8149, , ,HBT1**,0,6,8158,,2586086,2846,C,BL2020,일반강
8183683,20230705005856,4G8149, , ,HBT1**,0,1,8158,,2586086,4,C,BL2020,일반강
8183923,20230705015934,4G8150, , ,0AM3**,0.56,5,11350,11350,6730550,6852,D,BB300,일반강
8183943,20230705020023,4G8150, , ,0AM3**,0.559,2,11350,11350,6730550,6802,D,BB300,일반강
8183963,20230705020114,4G8150, , ,0AM3**,0.559,1,11350,11350,6730550,6834,D,BB300,일반강
8183983,20230705020232,4G8150, , ,0AM3**,0.558,6,11350,11350,6730550,6906,D,BB300,일반강
8183984,20230705020405,4G8150, , ,0AM3**,0.56,3,11350,11350,6730550,6924,D,BB300,일반강
8184003,20230705020319,4G8150, , ,0AM3**,0.559,4,11350,11350,6730550,6828,D,BB300,일반강
8184023,20230705021924,4G8150, , ,0AM3**,0.56,5,11350,11300,6730550,6866,D,BB300,일반강
8184024,20230705022010,4G8150, , ,0AM3**,0.559,2,11350,11310,6730550,6824,D,BB300,일반강
8184043,20230705022352,4G8150, , ,0AM3**,0.56,3,11350,11290,6730550,6956,D,BB300,일반강
8184044,20230705022057,4G8150, , ,0AM3**,0.559,1,11350,11290,6730550,6840,D,BB300,일반강
8184063,20230705022218,4G8150, , ,0AM3**,0.562,6,11350,11290,6730550,6958,D,BB300,일반강
8184083,20230705022305,4G8150, , ,0AM3**,0.559,4,11350,11290,6730550,6856,D,BB300,일반강
8184103,20230705023902,4G8150, , ,0AM3**,0.559,5,11350,11220,6730550,6814,D,BB300,일반강
8184104,20230705023948,4G8150, , ,0AM3**,0.56,3,11350,11140,6730550,6856,D,BB300,일반강
8184123,20230705024036,4G8150, , ,0AM3**,0.56,2,11350,11250,6730550,6776,D,BB300,일반강
8184124,20230705024330,4G8150, , ,0AM3**,0.558,1,11350,11230,6730550,6804,D,BB300,일반강
8184143,20230705024157,4G8150, , ,0AM3**,0.559,6,11350,11130,6730550,6872,D,BB300,일반강
8184163,20230705024243,4G8150, , ,0AM3**,0.561,4,11350,11230,6730550,6804,D,BB300,일반강
8184183,20230705025921,4G8151, , ,0AM3**,0.56,3,11350,11060,6730550,6694,D,BB300,일반강
8184184,20230705025834,4G8151, , ,0AM3**,0.561,5,11350,11180,6730550,6674,D,BB300,일반강
8184203,20230705030007,4G8151, , ,0AM3**,0.559,1,11350,11190,6730550,6672,D,BB300,일반강
8184204,20230705030302,4G8151, , ,0AM3**,0.56,2,11350,11240,6730550,6692,D,BB300,일반강
8184205,20230705030129,4G8151, , ,0AM3**,0.561,6,11350,11040,6730550,6706,D,BB300,일반강
8184223,20230705030218,4G8151, , ,0AM3**,0.559,4,11350,11210,6730550,6712,D,BB300,일반강
8184243,20230705032203,4G8151, , ,0AM3**,0.56,3,11350,11160,6730550,6732,D,BB300,일반강
8184263,20230705031910,4G8151, , ,0AM3**,0.561,5,11350,11280,6730550,6760,D,BB300,일반강
8184283,20230705032004,4G8151, , ,0AM3**,0.558,1,11350,11290,6730550,6734,D,BB300,일반강
8184284,20230705031824,4G8151, , ,0AM3**,0.565,6,11350,11120,6730550,6714,D,BB300,일반강
8184303,20230705032254,4G8151, , ,0AM3**,0.561,2,11350,11320,6730550,6716,D,BB300,일반강
8184323,20230705032118,4G8151, , ,0AM3**,0.559,4,11350,11290,6730550,6722,D,BB300,일반강
8184343,20230705033939,4G8151, , ,0AM3**,0.559,3,11350,11200,6730550,6744,D,BB300,일반강
8184363,20230705033854,4G8151, , ,0AM3**,0.558,5,11350,11280,6730550,6746,D,BB300,일반강
8184383,20230705033807,4G8151, , ,0AM3**,0.562,6,11350,11180,6730550,6764,D,BB300,일반강
8184384,20230705034232,4G8151, , ,0AM3**,0.552,1,11350,11340,6730550,6728,D,BB300,일반강
8184403,20230705034147,4G8151, , ,0AM3**,0.559,2,11350,11340,6730550,6736,D,BB300,일반강
8184423,20230705034102,4G8151, , ,0AM3**,0.56,4,11350,11310,6730550,6754,D,BB300,일반강
8184443,20230705035925,4G8152, , ,0AM3**,0.559,3,11350,11230,6730550,6766,D,BB300,일반강
8184463,20230705035836,4G8152, , ,0AM3**,0.558,5,11350,11300,6730550,6746,D,BB300,일반강
8184464,20230705035750,4G8152, , ,0AM3**,0.56,6,11350,11180,6730550,6756,D,BB300,일반강
8184483,20230705040219,4G8152, , ,0AM3**,0.559,1,11350,11380,6730550,6756,D,BB300,일반강
8184503,20230705040135,4G8152, , ,0AM3**,0.557,2,11350,11370,6730550,6760,D,BB300,일반강
8184523,20230705040046,4G8152, , ,0AM3**,0.56,4,11350,10060,6730550,6770,D,BB300,일반강
8184543,20230705042229,4G8152, , ,0AM3**,0.56,2,10070,10280,5971510,5996,D,BB300,일반강
8184563,20230705041847,4G8152, , ,0AM3**,0.559,3,11350,11230,6730550,6768,D,BB300,일반강
8184583,20230705042141,4G8152, , ,0AM3**,0.559,4,10070,10060,5971510,6010,D,BB300,일반강
8184584,20230705041802,4G8152, , ,0AM3**,0.56,5,11350,11300,6730550,6724,D,BB300,일반강
8184585,20230705042056,4G8152, , ,0AM3**,0.559,6,11350,11210,6730550,6766,D,BB300,일반강
8184603,20230705041933,4G8152, , ,0AM3**,0.56,1,11350,11380,6730550,6748,D,BB300,일반강
8184623,20230705044012,4G8152, , ,0AM3**,0.559,2,10260,10280,6084180,6094,D,BB300,일반강
8184643,20230705043926,4G8152, , ,0AM3**,0.559,3,10260,10140,6084180,6122,D,BB300,일반강
8184663,20230705043838,4G8152, , ,0AM3**,0.558,4,10070,10250,5971510,5992,D,BB300,일반강
8184664,20230705043542,4G8152, , ,0AM3**,0.553,6,10070,10120,5971510,6008,D,BB300,일반강
8184665,20230705043629,4G8152, , ,0AM3**,0.56,5,10070,10210,5971510,5980,D,BB300,일반강
8184683,20230705043716,4G8152, , ,0AM3**,0.56,1,10070,10290,5971510,5990,D,BB300,일반강
8184703,20230705045352,4G8152, , ,0AM3**,0.618,2,10260,10280,6084180,6114,D,BB300,일반강
8184704,20230705045305,4G8152, , ,0AM3**,0.62,3,10260,10140,6084180,6108,D,BB300,일반강
8184723,20230705045217,4G8152, , ,0AM3**,0.619,6,10260,10120,6084180,6102,D,BB300,일반강
8184724,20230705045515,4G8152, , ,0AM3**,0.619,5,10260,10210,6084180,6078,D,BB300,일반강
8184743,20230705045707,4G8152, , ,0AM3**,0.62,4,10260,10250,6084180,6128,D,BB300,일반강
8184763,20230705045754,4G8152, , ,0AM3**,0.618,1,10260,10280,6084180,6094,D,BB300,일반강
8184783,20230705050916,4G8153, , ,0AM3**,0.62,3,10260,10140,6084180,6108,D,BB300,일반강
8184803,20230705051004,4G8153, , ,0AM3**,0.62,2,10260,10280,6084180,6098,D,BB300,일반강
8184823,20230705050829,4G8153, , ,0AM3**,0.62,6,10260,10120,6084180,6100,D,BB300,일반강
8184824,20230705051126,4G8153, , ,0AM3**,0.62,5,10260,10210,6084180,6092,D,BB300,일반강
8184843,20230705051215,4G8153, , ,0AM3**,0.619,4,10260,10250,6084180,6114,D,BB300,일반강
8184863,20230705051300,4G8153, , ,0AM3**,0.619,1,10260,10280,6084180,6080,D,BB300,일반강
8184883,20230705052522,4G8153, , ,0AM3**,0.619,3,10260,10140,6084180,6094,D,BB300,일반강
8184903,20230705052434,4G8153, , ,0AM3**,0.617,6,10260,10140,6084180,6088,D,BB300,일반강
8184904,20230705052609,4G8153, , ,0AM3**,0.62,2,10260,10300,6084180,6100,D,BB300,일반강
8184905,20230705052733,4G8153, , ,0AM3**,0.618,5,10260,10210,6084180,6066,D,BB300,일반강
8184923,20230705052820,4G8153, , ,0AM3**,0.621,4,10260,10250,6084180,6104,D,BB300,일반강
8184943,20230705052906,4G8153, , ,0AM3**,0.619,1,10260,10280,6084180,6070,D,BB300,일반강
8184963,20230705054600,4G8153, , ,0AM3**,0.62,3,10350,10230,6137550,6190,D,BB300,일반강
8184983,20230705054423,4G8153, , ,0AM3**,0.619,5,10260,10300,6084180,6150,D,BB300,일반강
8184984,20230705054101,4G8153, , ,0AM3**,0.617,6,10260,10230,6084180,6184,D,BB300,일반강
8185003,20230705054149,4G8153, , ,0AM3**,0.619,2,10260,10390,6084180,6128,D,BB300,일반강
8185023,20230705054513,4G8153, , ,0AM3**,0.62,4,10260,10340,6084180,6138,D,BB300,일반강
8185043,20230705054238,4G8153, , ,0AM3**,0.62,1,10260,10370,6084180,6122,D,BB300,일반강
8185063,20230705055842,4G8154, , ,0AM3**,0.62,3,10350,10230,6137550,6248,D,BB300,일반강
8185083,20230705055706,4G8154, , ,0AM3**,0.618,6,10350,10150,6137550,6252,D,BB300,일반강
8185084,20230705055753,4G8154, , ,0AM3**,0.619,5,10350,10250,6137550,6228,D,BB300,일반강
8185103,20230705060052,4G8154, , ,0AM3**,0.621,2,10350,10340,6137550,6204,D,BB300,일반강
8185123,20230705060004,4G8154, , ,0AM3**,0.62,4,10350,10340,6137550,6252,D,BB300,일반강
8185124,20230705060137,4G8154, , ,0AM3**,0.618,1,10350,10330,6137550,6238,D,BB300,일반강
8185143,20230705061452,4G8154, , ,0AM3**,0.619,3,10350,10110,6137550,6200,D,BB300,일반강
8185163,20230705061317,4G8154, , ,0AM3**,0.621,6,10350,10060,6137550,6178,D,BB300,일반강
8185183,20230705061405,4G8154, , ,0AM3**,0.619,5,10350,10190,6137550,6186,D,BB300,일반강
8185203,20230705061701,4G8154, , ,0AM3**,0.619,2,10350,10300,6137550,6194,D,BB300,일반강
8185223,20230705061749,4G8154, , ,0AM3**,0.618,1,10350,10270,6137550,6204,D,BB300,일반강
8185224,20230705061613,4G8154, , ,0AM3**,0.619,4,10350,10260,6137550,6218,D,BB300,일반강
8185243,20230705063101,4G8154, , ,0AM3**,0.62,3,10350,10090,6137550,6168,D,BB300,일반강
8185263,20230705062927,4G8154, , ,0AM3**,0.62,6,10350,10060,6137550,6162,D,BB300,일반강
8185283,20230705063014,4G8154, , ,0AM3**,0.617,5,10350,10190,6137550,6168,D,BB300,일반강
8185303,20230705063311,4G8154, , ,0AM3**,0.619,2,10350,10280,6137550,6166,D,BB300,일반강
8185323,20230705063440,4G8154, , ,0AM3**,0.62,1,10350,10250,6137550,6180,D,BB300,일반강
8185324,20230705063223,4G8154, , ,0AM3**,0.62,4,10350,10230,6137550,6180,D,BB300,일반강
8185343,20230705064713,4G8154, , ,0AM3**,0.619,3,10350,10090,6137550,6192,D,BB300,일반강
8185363,20230705064537,4G8154, , ,0AM3**,0.62,6,10350,10060,6137550,6152,D,BB300,일반강
8185383,20230705064624,4G8154, , ,0AM3**,0.618,5,10350,10190,6137550,6152,D,BB300,일반강
8185403,20230705064921,4G8154, , ,0AM3**,0.62,2,10350,10280,6137550,6190,D,BB300,일반강
8185423,20230705065050,4G8154, , ,0AM3**,0.622,1,10350,10250,6137550,6188,D,BB300,일반강
8185443,20230705064834,4G8154, , ,0AM3**,0.619,4,10350,10230,6137550,6220,D,BB300,일반강
8185463,20230705070322,4G8155, , ,0AM3**,0.624,3,10350,10050,6137550,6220,D,BB300,일반강
8185483,20230705070148,4G8155, , ,0AM3**,0.62,6,10350,10040,6137550,6194,D,BB300,일반강
8185503,20230705070235,4G8155, , ,0AM3**,0.619,5,10350,10200,6137550,6196,D,BB300,일반강
8185523,20230705070533,4G8155, , ,0AM3**,0.619,2,10350,10250,6137550,6156,D,BB300,일반강
8185524,20230705070619,4G8155, , ,0AM3**,0.619,1,10350,10200,6137550,6198,D,BB300,일반강
8185543,20230705070445,4G8155, , ,0AM3**,0.619,4,10350,10150,6137550,6186,D,BB300,일반강
8185563,20230705072711,4G8155, , ,0AM3**,0.622,3,10350,9980,6137550,6152,D,BB300,일반강
8185583,20230705072303,4G8155, , ,0AM3**,0.619,6,10350,9980,6137550,6128,D,BB300,일반강
8185603,20230705072623,4G8155, , ,0AM3**,0.621,5,10350,10150,6137550,6148,D,BB300,일반강
8185623,20230705073008,4G8155, , ,0AM3**,0.618,1,10350,10190,6137550,6132,D,BB300,일반강
8185624,20230705072834,4G8155, , ,0AM3**,0.619,4,10350,10120,6137550,6154,D,BB300,일반강
8185625,20230705072921,4G8155, , ,0AM3**,0.619,2,10350,10280,6137550,6184,D,BB300,일반강
8185643,20230705073547,4G8155, , ,0AM3**,0.619,3,10350,9980,6137550,6134,D,BB300,일반강
8185663,20230705073412,4G8155, , ,0AM3**,0.62,6,10350,9980,6137550,6162,D,BB300,일반강
8185683,20230705073459,4G8155, , ,0AM3**,0.619,5,10350,10150,6137550,6158,D,BB300,일반강
8185703,20230705073844,4G8155, , ,0AM3**,0.621,1,10350,10190,6137550,6126,D,BB300,일반강
8185704,20230705073710,4G8155, , ,0AM3**,0.619,4,10350,10120,6137550,6142,D,BB300,일반강
8185723,20230705073757,4G8155, , ,0AM3**,0.619,2,10350,10280,6137550,6188,D,BB300,일반강
8185743,20230705075138,4G8156, , ,0AM3**,0.615,3,10350,9980,6137550,6190,C,BB300,일반강
8185763,20230705075002,4G8156, , ,0AM3**,0.62,6,10350,9980,6137550,6204,C,BB300,일반강
8185783,20230705075050,4G8156, , ,0AM3**,0.618,5,10350,10150,6137550,6204,C,BB300,일반강
8185803,20230705075435,4G8156, , ,0AM3**,0.622,1,10350,10220,6137550,6194,C,BB300,일반강
8185804,20230705075300,4G8156, , ,0AM3**,0.619,4,10350,10120,6137550,6160,C,BB300,일반강
8185823,20230705075348,4G8156, , ,0AM3**,0.619,2,10350,10240,6137550,6178,C,BB300,일반강
8185843,20230705080745,4G8156, , ,0AM3**,0.62,3,10350,9980,6137550,6196,C,BB300,일반강
8185863,20230705080609,4G8156, , ,0AM3**,0.621,6,10350,9980,6137550,6184,C,BB300,일반강
8185883,20230705080657,4G8156, , ,0AM3**,0.62,5,10350,10150,6137550,6172,C,BB300,일반강
8185903,20230705081042,4G8156, , ,0AM3**,0.623,1,10350,10220,6137550,6212,C,BB300,일반강
8185904,20230705080907,4G8156, , ,0AM3**,0.62,4,10350,10120,6137550,6180,C,BB300,일반강
8185923,20230705080955,4G8156, , ,0AM3**,0.619,2,10350,10240,6137550,6196,C,BB300,일반강
8185943,20230705082348,4G8156, , ,0AM3**,0.623,3,10350,9950,6137550,6156,C,BB300,일반강
8185963,20230705082213,4G8156, , ,0AM3**,0.621,6,10350,9950,6137550,6128,C,BB300,일반강
8185983,20230705082300,4G8156, , ,0AM3**,0.619,5,10350,10120,6137550,6164,C,BB300,일반강
8186003,20230705082645,4G8156, , ,0AM3**,0.621,1,10350,10170,6137550,6152,C,BB300,일반강
8186004,20230705082511,4G8156, , ,0AM3**,0.619,4,10350,10090,6137550,6120,C,BB300,일반강
8186023,20230705082557,4G8156, , ,0AM3**,0.619,2,10350,10210,6137550,6164,C,BB300,일반강
8186043,20230705084003,4G8156, , ,0AM3**,0.619,3,10350,9950,6137550,6120,C,BB300,일반강
8186063,20230705083828,4G8156, , ,0AM3**,0.618,6,10350,9950,6137550,6126,C,BB300,일반강
8186083,20230705083915,4G8156, , ,0AM3**,0.619,5,10350,10120,6137550,6162,C,BB300,일반강
8186103,20230705084126,4G8156, , ,0AM3**,0.619,4,10350,10090,6137550,6136,C,BB300,일반강
8186104,20230705084301,4G8156, , ,0AM3**,0.62,1,10350,10170,6137550,6176,C,BB300,일반강
8186123,20230705084214,4G8156, , ,0AM3**,0.62,2,10350,10250,6137550,6190,C,BB300,일반강
8186143,20230705085533,4G8157, , ,0AM3**,0.619,3,10350,9950,6137550,6130,C,BB300,일반강
8186163,20230705085359,4G8157, , ,0AM3**,0.621,6,10350,9950,6137550,6134,C,BB300,일반강
8186183,20230705085446,4G8157, , ,0AM3**,0.62,5,10350,10120,6137550,6186,C,BB300,일반강
8186203,20230705085720,4G8157, , ,0AM3**,0.62,4,10350,10090,6137550,6162,C,BB300,일반강
8186204,20230705085854,4G8157, , ,0AM3**,0.62,1,10350,10170,6137550,6182,C,BB300,일반강
8186223,20230705085807,4G8157, , ,0AM3**,0.619,2,10350,10250,6137550,6208,C,BB300,일반강
8186243,20230705091236,4G8157, , ,0AM3**,0.619,3,10350,9950,6137550,6134,C,BB300,일반강
8186263,20230705091103,4G8157, , ,0AM3**,0.624,6,10350,9950,6137550,6138,C,BB300,일반강
8186283,20230705091148,4G8157, , ,0AM3**,0.619,5,10350,10090,6137550,6166,C,BB300,일반강
8186303,20230705091358,4G8157, , ,0AM3**,0.619,4,10350,10090,6137550,6156,C,BB300,일반강
8186304,20230705091532,4G8157, , ,0AM3**,0.618,1,10350,10170,6137550,6188,C,BB300,일반강
8186323,20230705091444,4G8157, , ,0AM3**,0.62,2,10350,10220,6137550,6184,C,BB300,일반강
8186343,20230705092805,4G8157, , ,0AM3**,0.62,3,10350,9950,6137550,6146,C,BB300,일반강
8186363,20230705092630,4G8157, , ,0AM3**,0.62,6,10350,9950,6137550,6150,C,BB300,일반강
8186383,20230705092718,4G8157, , ,0AM3**,0.618,5,10350,10090,6137550,6160,C,BB300,일반강
8186403,20230705092951,4G8157, , ,0AM3**,0.618,4,10350,10090,6137550,6160,C,BB300,일반강
8186404,20230705093125,4G8157, , ,0AM3**,0.62,1,10350,10170,6137550,6172,C,BB300,일반강
8186423,20230705093039,4G8157, , ,0AM3**,0.619,2,10350,10220,6137550,6182,C,BB300,일반강
8186443,20230705093908,4G8157, , ,0AM3**,0.62,3,10350,9970,6137550,6166,C,BB300,일반강
8186463,20230705094434,4G8158, , ,0AM3**,0.62,6,10350,9950,6137550,6146,C,BB300,일반강
8186483,20230705094523,4G8158, , ,0AM3**,0.621,5,10350,10090,6137550,6130,C,BB300,일반강
8186503,20230705094610,4G8158, , ,0AM3**,0.619,4,10350,8230,6137550,6160,C,BB300,일반강
8186523,20230705094845,4G8158, , ,0AM3**,0.619,1,10350,10170,6137550,6134,C,BB300,일반강
8186543,20230705094758,4G8158, , ,0AM3**,0.619,2,10350,10220,6137550,6134,C,BB300,일반강
8186563,20230705095659,4G8158, , ,0AM3**,0.619,3,10350,9970,6137550,6172,C,BB300,일반강
8186583,20230705095611,4G8158, , ,0AM3**,0.62,6,10350,9950,6137550,6144,C,BB300,일반강
8186603,20230705100501,4G8158, , ,0AM3**,0.619,4,8490,8270,5034570,5044,C,BB300,일반강
8186623,20230705100252,4G8158, , ,0AM3**,0.619,5,10350,10090,6137550,6130,C,BB300,일반강
8186643,20230705100548,4G8158, , ,0AM3**,0.62,2,8490,8400,5034570,5068,C,BB300,일반강
8186663,20230705100339,4G8158, , ,0AM3**,0.619,1,10350,10170,6137550,6154,C,BB300,일반강
8186683,20230705101216,4G8158, , ,0AM3**,0.619,3,8490,8160,5034570,5054,C,BB300,일반강
8186703,20230705101042,4G8158, , ,0AM3**,0.619,6,8490,8140,5034570,5036,C,BB300,일반강
8186723,20230705101129,4G8158, , ,0AM3**,0.618,4,8490,8270,5034570,5054,C,BB300,일반강
8186743,20230705101435,4G8158, , ,0AM3**,0.619,5,8490,8280,5034570,5010,C,BB300,일반강
8186763,20230705101523,4G8158, , ,0AM3**,0.618,2,8490,8400,5034570,5052,C,BB300,일반강
8186783,20230705101610,4G8158, , ,0AM3**,0.619,1,8490,8360,5034570,5078,C,BB300,일반강
8186803,20230705102444,4G8158, , ,0AM3**,0.619,3,8490,8420,5034570,5034,C,BB300,일반강
8186823,20230705102308,4G8158, , ,0AM3**,0.619,6,8490,8420,5034570,5040,C,BB300,일반강
8186843,20230705102357,4G8158, , ,0AM3**,0.618,4,8490,8550,5034570,5062,C,BB300,일반강
8186863,20230705102752,4G8158, , ,0AM3**,0.619,5,8490,8580,5034570,5058,C,BB300,일반강
8186883,20230705102840,4G8158, , ,0AM3**,0.621,2,8490,8660,5034570,5068,C,BB300,일반강
8186903,20230705102927,4G8158, , ,0AM3**,0.347,1,8490,8600,5034570,5080,C,BB300,일반강
8186923,20230705103935,4G8159, , ,0AM3**,0.499,3,8740,8440,5182820,5232,C,BB300,일반강
8186943,20230705103802,4G8159, , ,0AM3**,0.619,6,8740,8420,5182820,5232,C,BB300,일반강
8186963,20230705103849,4G8159, , ,0AM3**,0.619,4,8740,8550,5182820,5230,C,BB300,일반강
8186983,20230705104122,4G8159, , ,0AM3**,0.62,5,8740,8580,5182820,5248,C,BB300,일반강
8187003,20230705104210,4G8159, , ,0AM3**,0.619,2,8740,8660,5182820,5258,C,BB300,일반강
8187023,20230705105251,4G8159, , ,0AM3**,0.618,3,8740,8440,5182820,5238,C,BB300,일반강
8187043,20230705105117,4G8159, , ,0AM3**,0.62,6,8740,8420,5182820,5202,C,BB300,일반강
8187063,20230705105204,4G8159, , ,0AM3**,0.619,4,8740,8550,5182820,5226,C,BB300,일반강
8187083,20230705105510,4G8159, , ,0AM3**,0.62,5,8740,8580,5182820,5262,C,BB300,일반강
8187103,20230705105556,4G8159, , ,0AM3**,0.62,2,8740,8660,5182820,5260,C,BB300,일반강
8187383,20230705112125,4G8159, , ,0AM3**,0,1,8740,,5182820,5272,C,BB300,일반강
8187403,20230705112536,4G8159, , ,0AM3**,0,3,8740,,5182820,5254,C,BB300,일반강
8187423,20230705112623,4G8159, , ,0AM3**,0,2,8740,,5182820,5206,C,BB300,일반강
8187443,20230705112709,4G8159, , ,0AM3**,0,1,8740,,5182820,5238,C,BB300,일반강
8187463,20230705113221,4G8159, , ,0AM3**,0,6,8740,,5182820,5204,C,BB300,일반강
8187483,20230705113307,4G8159, , ,0AM3**,0,5,8740,,5182820,5258,C,BB300,일반강
8187503,20230706015131,4G8159, , ,0AM3**,0,4,8740,,5182820,82,C,BB300,일반강
8187683,20230706020758,4G8160, , ,0AM3**,0.559,5,8780,8940,5206540,5276,D,BB300,일반강
8187703,20230706020833,4G8160, , ,0AM3**,0.56,4,8780,8940,5206540,5284,D,BB300,일반강
8187704,20230706020919,4G8160, , ,0AM3**,0.561,2,8780,8980,5206540,5244,D,BB300,일반강
8187705,20230706021128,4G8160, , ,0AM3**,0.56,3,8780,8940,5206540,5340,D,BB300,일반강
8187723,20230706021217,4G8160, , ,0AM3**,0.561,1,8940,8980,5301420,5268,D,BB300,일반강
8187724,20230706021043,4G8160, , ,0AM3**,0.56,6,8780,8940,5206540,5354,D,BB300,일반강
8187743,20230706022300,4G8160, , ,0AM3**,0.56,5,8940,8940,5301420,5348,D,BB300,일반강
8187763,20230706022433,4G8160, , ,0AM3**,0.556,3,8940,8900,5301420,5394,D,BB300,일반강
8187764,20230706022346,4G8160, , ,0AM3**,0.559,4,8940,8930,5301420,5368,D,BB300,일반강
8187783,20230706022643,4G8160, , ,0AM3**,0.56,2,8980,8980,5325140,5382,D,BB300,일반강
8187803,20230706022555,4G8160, , ,0AM3**,0.56,6,8940,8880,5301420,5390,D,BB300,일반강
8187804,20230706022730,4G8160, , ,0AM3**,0.56,1,8980,9030,5325140,5330,D,BB300,일반강
8187823,20230706023843,4G8160, , ,0AM3**,0.561,5,8980,8940,5325140,5380,D,BB300,일반강
8187824,20230706024019,4G8160, , ,0AM3**,0.559,3,8980,8860,5325140,5408,D,BB300,일반강
8187843,20230706023930,4G8160, , ,0AM3**,0.559,4,8980,8920,5325140,5408,D,BB300,일반강
8187863,20230706024228,4G8160, , ,0AM3**,0.56,2,8980,8950,5325140,5360,D,BB300,일반강
8187864,20230706024140,4G8160, , ,0AM3**,0.563,6,8980,8860,5325140,5406,D,BB300,일반강
8187883,20230706024315,4G8160, , ,0AM3**,0.56,1,8980,9050,5325140,5334,D,BB300,일반강
8187903,20230706025448,4G8160, , ,0AM3**,0.62,3,8980,8860,5325140,5402,D,BB300,일반강
8187904,20230706025313,4G8160, , ,0AM3**,0.621,5,8980,8940,5325140,5368,D,BB300,일반강
8187923,20230706025402,4G8160, , ,0AM3**,0.619,4,8980,8920,5325140,5366,D,BB300,일반강
8187943,20230706025611,4G8160, , ,0AM3**,0.626,6,8980,8830,5325140,5356,D,BB300,일반강
8187944,20230706025658,4G8160, , ,0AM3**,0.619,2,8980,8950,5325140,5330,D,BB300,일반강
8187963,20230706025746,4G8160, , ,0AM3**,0.62,1,8980,9070,5325140,5330,D,BB300,일반강
8187983,20230706030856,4G8161, , ,0AM3**,0.621,3,8980,8830,5325140,5350,D,BB300,일반강
8188003,20230706030809,4G8161, , ,0AM3**,0.621,5,8980,8910,5325140,5334,D,BB300,일반강
8188023,20230706030726,4G8161, , ,0AM3**,0.62,6,8980,8830,5325140,5358,D,BB300,일반강
8188024,20230706031021,4G8161, , ,0AM3**,0.62,4,8980,8890,5325140,5320,D,BB300,일반강
8188043,20230706031106,4G8161, , ,0AM3**,0.62,2,8980,8950,5325140,5312,D,BB300,일반강
8188063,20230706031154,4G8161, , ,0AM3**,0.62,1,8980,9070,5325140,5294,D,BB300,일반강
8188083,20230706032606,4G8161, , ,0AM3**,0.619,1,7020,7110,4162860,4168,D,BB300,일반강
8188103,20230706032311,4G8161, , ,0AM3**,0.618,3,8980,8830,5325140,5314,D,BB300,일반강
8188123,20230706032224,4G8161, , ,0AM3**,0.622,5,8980,8910,5325140,5332,D,BB300,일반강
8188143,20230706032137,4G8161, , ,0AM3**,0.617,6,8980,8830,5325140,5354,D,BB300,일반강
8188144,20230706032433,4G8161, , ,0AM3**,0.619,4,8980,8890,5325140,5316,D,BB300,일반강
8188163,20230706032521,4G8161, , ,0AM3**,0.619,2,8980,8950,5325140,5306,D,BB300,일반강
8188183,20230706033351,4G8161, , ,0AM3**,0.619,1,7020,11930,4162860,4186,D,BB300,일반강
8188203,20230706033306,4G8161, , ,0AM3**,0.619,3,7020,11690,4162860,4198,D,BB300,일반강
8188223,20230706033219,4G8161, , ,0AM3**,0.62,5,7020,7430,4162860,4200,D,BB300,일반강
8188243,20230706033515,4G8161, , ,0AM3**,0.62,6,7020,11690,4162860,4218,D,BB300,일반강
8188244,20230706033558,4G8161, , ,0AM3**,0.619,4,7020,7410,4162860,4200,D,BB300,일반강
8188263,20230706033644,4G8161, , ,0AM3**,0.619,2,7020,7260,4162860,4206,D,BB300,일반강
8188283,20230706034354,4G8161, , ,0AM3**,0.62,5,7500,7430,4447500,4514,D,BB300,일반강
8188303,20230706034440,4G8161, , ,0AM3**,0.621,4,7500,7180,4447500,4494,D,BB300,일반강
8188304,20230706034526,4G8161, , ,0AM3**,0.619,2,7290,7260,4322970,4372,D,BB300,일반강
8188323,20230706035151,4G8161, , ,0AM3**,0.62,1,11840,11920,7021120,7076,D,BB300,일반강
8188343,20230706035106,4G8161, , ,0AM3**,0.62,3,11840,11680,7021120,7146,D,BB300,일반강
8188363,20230706035020,4G8161, , ,0AM3**,0.617,6,11840,11660,7021120,7162,D,BB300,일반강
8188383,20230706035531,4G8162, , ,0SM3**,0.62,5,7290,9710,4322970,4366,D,BB300,일반강
8188403,20230706035617,4G8162, , ,0SM3**,0.62,4,7290,9670,4322970,4334,D,BB300,일반강
8188423,20230706035704,4G8162, , ,0SM3**,0.62,2,7290,9720,4322970,4350,D,BB300,일반강
8188443,20230706040309,4G8162, , ,0SM3**,0.617,1,7290,10120,4322970,4384,D,BB300,일반강
8188463,20230706040224,4G8162, , ,0SM3**,0.619,3,7290,9810,4322970,4312,D,BB300,일반강
8188483,20230706040138,4G8162, , ,0SM3**,0.619,6,7290,9600,4322970,4304,D,BB300,일반강
8188503,20230706041044,4G8162, , ,0SM3**,0.62,5,9780,9630,5799540,5818,D,BB300,일반강
8188523,20230706041130,4G8162, , ,0SM3**,0.619,4,9780,9710,5799540,5856,D,BB300,일반강
8188524,20230706041218,4G8162, , ,0SM3**,0.619,2,9780,9720,5799540,5848,D,BB300,일반강
8188543,20230706041839,4G8162, , ,0SM3**,0.62,1,10070,10100,5971510,5998,D,BB300,일반강
8188544,20230706041754,4G8162, , ,0SM3**,0.62,3,10070,9880,5971510,6052,D,BB300,일반강
8188563,20230706041706,4G8162, , ,0SM3**,0.618,6,9880,9710,5858840,5934,D,BB300,일반강
8188583,20230706042411,4G8162, , ,0SM3**,0.619,5,8410,8260,4987130,5006,D,BB300,일반강
8188603,20230706042459,4G8162, , ,0SM3**,0.619,4,8410,8300,4987130,5028,D,BB300,일반강
8188604,20230706042543,4G8162, , ,0SM3**,0.622,2,8410,8350,4987130,5024,D,BB300,일반강
8188623,20230706043102,4G8162, , ,0SM3**,0.618,3,8410,8220,4987130,5038,D,BB300,일반강
8188643,20230706043147,4G8162, , ,0SM3**,0.62,1,8410,8440,4987130,5010,D,BB300,일반강
8188663,20230706043015,4G8162, , ,0SM3**,0.621,6,8410,8240,4987130,5054,D,BB300,일반강
8188683,20230706043729,4G8162, , ,0SM3**,0.618,5,8410,8260,4987130,5004,D,BB300,일반강
8188684,20230706043815,4G8162, , ,0SM3**,0.619,4,8410,8300,4987130,5022,D,BB300,일반강
8188685,20230706043901,4G8162, , ,0SM3**,0.62,2,8410,8350,4987130,5022,D,BB300,일반강
8188703,20230706044406,4G8162, , ,0SM3**,0.615,3,8410,8550,4987130,5042,D,BB300,일반강
8188723,20230706044452,4G8162, , ,0SM3**,0.617,1,8410,8780,4987130,5006,D,BB300,일반강
8188743,20230706044320,4G8162, , ,0SM3**,0.619,6,8410,8200,4987130,5030,D,BB300,일반강
8188763,20230706045046,4G8163, , ,0SM3**,0.62,5,8410,8630,4987130,5040,D,BB300,일반강
8188783,20230706045132,4G8163, , ,0SM3**,0.62,4,8410,8660,4987130,5048,D,BB300,일반강
8188803,20230706045219,4G8163, , ,0SM3**,0.618,2,8410,8680,4987130,5026,D,BB300,일반강
8188823,20230706045743,4G8163, , ,0SM3**,0.62,3,8740,8530,5182820,5244,D,BB300,일반강
8188843,20230706045656,4G8163, , ,0SM3**,0.619,6,8410,8520,4987130,5034,D,BB300,일반강
8188863,20230706045831,4G8163, , ,0SM3**,0.619,1,8740,8780,5182820,5208,D,BB300,일반강
8188883,20230706050619,4G8163, , ,0SM3**,0.62,5,8740,8630,5182820,5226,D,BB300,일반강
8188903,20230706050707,4G8163, , ,0SM3**,0.62,4,8740,8660,5182820,5248,D,BB300,일반강
8188923,20230706050817,4G8163, , ,0SM3**,0.62,2,8740,8680,5182820,5208,D,BB300,일반강
8188943,20230706051244,4G8163, , ,0SM3**,0.622,3,8740,8530,5182820,5226,D,BB300,일반강
8188963,20230706051155,4G8163, , ,0SM3**,0.62,6,8740,8520,5182820,5228,D,BB300,일반강
8188983,20230706051331,4G8163, , ,0SM3**,0.62,1,8740,8780,5182820,5200,D,BB300,일반강
8189003,20230706051814,4G8163, , ,0SM3**,0.62,5,8740,8630,5182820,5240,D,BB300,일반강
8189023,20230706051902,4G8163, , ,0SM3**,0.619,4,8740,8660,5182820,5250,D,BB300,일반강
8189043,20230706051948,4G8163, , ,0SM3**,0.616,2,8740,8680,5182820,5224,D,BB300,일반강
8189063,20230706052523,4G8163, , ,0SM3**,0.62,3,8740,8530,5182820,5236,D,BB300,일반강
8189083,20230706052436,4G8163, , ,0SM3**,0.62,6,8740,8520,5182820,5210,D,BB300,일반강
8189103,20230706052610,4G8163, , ,0SM3**,0.619,1,8740,8780,5182820,5208,D,BB300,일반강
8189123,20230706053204,4G8163, , ,0SM3**,0.622,5,8740,8630,5182820,5214,D,BB300,일반강
8189143,20230706053250,4G8163, , ,0SM3**,0.619,4,8740,8660,5182820,5240,D,BB300,일반강
8189144,20230706053336,4G8163, , ,0SM3**,0.619,2,8740,8680,5182820,5224,D,BB300,일반강
8189163,20230706053921,4G8163, , ,0SM3**,0.619,3,8740,8530,5182820,5238,D,BB300,일반강
8189183,20230706053834,4G8163, , ,0SM3**,0.62,6,8740,8520,5182820,5228,D,BB300,일반강
8189203,20230706054008,4G8163, , ,0SM3**,0.62,1,8740,8780,5182820,5204,D,BB300,일반강
8189223,20230706054559,4G8163, , ,0SM3**,0.62,5,8740,8630,5182820,5230,D,BB300,일반강
8189243,20230706054645,4G8163, , ,0SM3**,0.619,4,8740,8660,5182820,5258,D,BB300,일반강
8189263,20230706054732,4G8164, , ,0SM3**,0.622,2,8740,8680,5182820,5224,D,BB300,일반강
8189283,20230706055308,4G8164, , ,0SM3**,0.62,3,8740,8520,5182820,5266,D,BB300,일반강
8189303,20230706055222,4G8164, , ,0SM3**,0.62,6,8740,8520,5182820,5250,D,BB300,일반강
8189323,20230706055354,4G8164, , ,0SM3**,0.619,1,8740,8780,5182820,5238,D,BB300,일반강
8189343,20230706060034,4G8164, , ,0SM3**,0.619,5,8740,8610,5182820,5264,D,BB300,일반강
8189363,20230706060120,4G8164, , ,0SM3**,0.62,4,8740,8660,5182820,5294,D,BB300,일반강
8189383,20230706060207,4G8164, , ,0SM3**,0.617,2,8740,8670,5182820,5250,D,BB300,일반강
8189403,20230706060707,4G8164, , ,0SM3**,0.62,3,8740,8490,5182820,5266,D,BB300,일반강
8189423,20230706060619,4G8164, , ,0SM3**,0.619,6,8740,8490,5182820,5252,D,BB300,일반강
8189443,20230706060752,4G8164, , ,0SM3**,0.618,1,8740,8760,5182820,5234,D,BB300,일반강
8189463,20230706061430,4G8164, , ,0SM3**,0.618,5,8740,8590,5182820,5218,D,BB300,일반강
8189483,20230706061515,4G8164, , ,0SM3**,0.618,4,8740,8600,5182820,5242,D,BB300,일반강
8189503,20230706061616,4G8164, , ,0SM3**,0.619,2,8740,8670,5182820,5230,D,BB300,일반강
8189523,20230706062112,4G8164, , ,0SM3**,0.617,3,8740,8460,5182820,5230,D,BB300,일반강
8189543,20230706062024,4G8164, , ,0SM3**,0.626,6,8740,8460,5182820,5226,D,BB300,일반강
8189563,20230706062157,4G8164, , ,0SM3**,0.62,1,8740,8760,5182820,5226,D,BB300,일반강
8189583,20230706062728,4G8164, , ,0SM3**,0.618,5,8740,8590,5182820,5220,D,BB300,일반강
8189603,20230706062814,4G8164, , ,0SM3**,0.619,4,8740,8600,5182820,5234,D,BB300,일반강
8189623,20230706062901,4G8164, , ,0SM3**,0.619,2,8740,8670,5182820,5224,D,BB300,일반강
8189643,20230706063644,4G8164, , ,0SM3**,0.62,3,8740,8460,5182820,5230,D,BB300,일반강
8189663,20230706063557,4G8164, , ,0SM3**,0.616,6,8740,8460,5182820,5196,D,BB300,일반강
8189683,20230706063731,4G8164, , ,0SM3**,0.618,1,8740,8910,5182820,5204,D,BB300,일반강
8189703,20230706064218,4G8164, , ,0SM3**,0.588,5,8740,8750,5182820,5224,D,BB300,일반강
8189723,20230706064307,4G8164, , ,0SM3**,0.588,4,8740,8760,5182820,5228,D,BB300,일반강
8189743,20230706064354,4G8164, , ,0SM3**,0.591,2,8740,8820,5182820,5226,D,BB300,일반강
8189763,20230706064638,4G8164, , ,0SM3**,0.589,6,8740,8620,5182820,5196,D,BB300,일반강
8189764,20230706064726,4G8165, , ,0SM3**,0.59,3,8900,8620,5277700,5316,D,BB300,일반강
8189783,20230706065737,4G8165, , ,0SM3**,0.59,1,8900,8910,5277700,5318,D,BB300,일반강
8189803,20230706065536,4G8165, , ,0SM3**,0.588,5,8900,8750,5277700,5320,D,BB300,일반강
8189823,20230706065650,4G8165, , ,0SM3**,0.589,4,8900,8760,5277700,5324,D,BB300,일반강
8189843,20230706070152,4G8165, , ,0SM3**,0.589,2,8900,8820,5277700,5328,D,BB300,일반강
8189863,20230706070019,4G8165, , ,0SM3**,0.593,6,8900,8620,5277700,5304,D,BB300,일반강
8189883,20230706070107,4G8165, , ,0SM3**,0.589,3,8900,8620,5277700,5316,D,BB300,일반강
8189903,20230706071155,4G8165, , ,0SM3**,0.589,1,8900,8910,5277700,5308,D,BB300,일반강
8189923,20230706071016,4G8165, , ,0SM3**,0.59,5,8900,8750,5277700,5318,D,BB300,일반강
8189943,20230706071110,4G8165, , ,0SM3**,0.589,4,8900,8730,5277700,5284,D,BB300,일반강
8189963,20230706071610,4G8165, , ,0SM3**,0.589,2,8900,8820,5277700,5324,D,BB300,일반강
8189983,20230706071436,4G8165, , ,0SM3**,0.59,6,8900,8620,5277700,5284,D,BB300,일반강
8189984,20230706071524,4G8165, , ,0SM3**,0.591,3,8900,8620,5277700,5312,D,BB300,일반강
8190003,20230706072709,4G8165, , ,0SM3**,0.589,1,8900,8910,5277700,5304,D,BB300,일반강
8190023,20230706072536,4G8165, , ,0SM3**,0.589,5,8900,8750,5277700,5294,D,BB300,일반강
8190043,20230706072622,4G8165, , ,0SM3**,0.59,4,8900,8730,5277700,5296,D,BB300,일반강
8190063,20230706073113,4G8165, , ,0SM3**,0.588,2,8900,8790,5277700,5296,D,BB300,일반강
8190083,20230706073026,4G8165, , ,0SM3**,0.589,3,8900,8610,5277700,5280,D,BB300,일반강
8190084,20230706072857,4G8165, , ,0SM3**,0.59,6,8900,8620,5277700,5280,D,BB300,일반강
8190103,20230706074031,4G8165, , ,0SM3**,0.59,1,8900,8910,5277700,5284,D,BB300,일반강
8190123,20230706073944,4G8165, , ,0SM3**,0.588,5,8900,8730,5277700,5278,D,BB300,일반강
8190143,20230706074242,4G8165, , ,0SM3**,0.589,4,8900,8730,5277700,5276,D,BB300,일반강
8190163,20230706074330,4G8165, , ,0SM3**,0.589,2,8900,8790,5277700,5270,D,BB300,일반강
8190183,20230706074854,4G8166, , ,0SM3**,0.59,3,8900,8620,5277700,5296,D,BB300,일반강
8190184,20230706074806,4G8166, , ,0SM3**,0.587,6,8900,8620,5277700,5292,D,BB300,일반강
8190203,20230706074940,4G8166, , ,0SM3**,0.591,1,8900,8910,5277700,5296,D,BB300,일반강
8190223,20230706075536,4G8166, , ,0SM3**,0.588,5,8900,8730,5277700,5278,D,BB300,일반강
8190243,20230706075623,4G8166, , ,0SM3**,0.59,4,8900,8730,5277700,5294,D,BB300,일반강
8190263,20230706075710,4G8166, , ,0SM3**,0.591,2,8900,8790,5277700,5294,D,BB300,일반강
8190283,20230706075945,4G8166, , ,0SM3**,0.59,3,8900,8620,5277700,5304,D,BB300,일반강
8190284,20230706075858,4G8166, , ,0SM3**,0.589,6,8900,8620,5277700,5298,D,BB300,일반강
8190303,20230706081016,4G8166, , ,0SM3**,0.59,1,8900,8990,5277700,5270,D,BB300,일반강
8190323,20230706080842,4G8166, , ,0SM3**,0.589,5,8900,8810,5277700,5288,D,BB300,일반강
8190343,20230706080930,4G8166, , ,0SM3**,0.589,4,8900,8810,5277700,5268,D,BB300,일반강
8190363,20230706081337,4G8166, , ,0SM3**,0.591,2,8900,8870,5277700,5270,D,BB300,일반강
8190383,20230706081251,4G8166, , ,0SM3**,0.591,3,8900,8700,5277700,5276,D,BB300,일반강
8190384,20230706081203,4G8166, , ,0SM3**,0.592,6,8900,8700,5277700,5288,D,BB300,일반강
8190403,20230706082536,4G8166, , ,0SM3**,0.591,1,8980,8990,5325140,5330,D,BB300,일반강
8190423,20230706082402,4G8166, , ,0SM3**,0.591,5,8980,8810,5325140,5336,D,BB300,일반강
8190443,20230706082449,4G8166, , ,0SM3**,0.589,4,8980,8810,5325140,5334,D,BB300,일반강
8190463,20230706082833,4G8166, , ,0SM3**,0.589,2,8980,8870,5325140,5332,D,BB300,일반강
8190483,20230706082746,4G8166, , ,0SM3**,0.591,3,8980,8700,5325140,5336,D,BB300,일반강
8190503,20230706082658,4G8166, , ,0SM3**,0.589,6,8980,8700,5325140,5324,D,BB300,일반강
8190523,20230706084020,4G8166, , ,0SM3**,0.588,1,8980,9000,5325140,5298,D,BB300,일반강
8190543,20230706083845,4G8166, , ,0SM3**,0.591,5,8980,8820,5325140,5322,D,BB300,일반강
8190563,20230706083932,4G8166, , ,0SM3**,0.59,4,8980,8820,5325140,5318,D,BB300,일반강
8190583,20230706084317,4G8166, , ,0SM3**,0.59,2,8980,8890,5325140,5320,D,BB300,일반강
8190603,20230706084230,4G8166, , ,0SM3**,0.59,3,8980,8720,5325140,5302,D,BB300,일반강
8190623,20230706084142,4G8166, , ,0SM3**,0.589,6,8980,8750,5325140,5322,D,BB300,일반강
8190643,20230706085430,4G8167, , ,0SM3**,0.618,1,8980,9000,5325140,5294,A,BB300,일반강
8190663,20230706085257,4G8167, , ,0SM3**,0.618,5,8980,8820,5325140,5312,A,BB300,일반강
8190683,20230706085343,4G8167, , ,0SM3**,0.62,4,8980,8820,5325140,5312,A,BB300,일반강
8190703,20230706085725,4G8167, , ,0SM3**,0.62,2,8980,8890,5325140,5326,A,BB300,일반강
8190723,20230706085639,4G8167, , ,0SM3**,0.622,3,8980,8720,5325140,5296,A,BB300,일반강
8190743,20230706085552,4G8167, , ,0SM3**,0.622,6,8980,8750,5325140,5316,A,BB300,일반강
8190763,20230706090845,4G8167, , ,0SM3**,0.621,1,8980,9000,5325140,5308,A,BB300,일반강
8190783,20230706090712,4G8167, , ,0SM3**,0.532,5,8980,8820,5325140,5302,A,BB300,일반강
8190803,20230706090759,4G8167, , ,0SM3**,0.529,4,8980,8820,5325140,5300,A,BB300,일반강
8190823,20230706091142,4G8167, , ,0SM3**,0.534,2,8980,8890,5325140,5302,A,BB300,일반강
8190824,20230706091054,4G8167, , ,0SM3**,0.53,3,8980,8720,5325140,5302,A,BB300,일반강
8190843,20230706091007,4G8167, , ,0SM3**,0.53,6,8980,8750,5325140,5324,A,BB300,일반강
8190863,20230706092511,4G8167, , ,0SM3**,0.53,1,8980,9040,5325140,5296,A,BB300,일반강
8190883,20230706092338,4G8167, , ,0SM3**,0.528,5,8980,11830,5325140,5322,A,BB300,일반강
8190903,20230706092425,4G8167, , ,0SM3**,0.528,4,8980,9960,5325140,5320,A,BB300,일반강
8190923,20230706092721,4G8167, , ,0SM3**,0.529,3,8980,9880,5325140,5330,A,BB300,일반강
8190943,20230706092808,4G8167, , ,0SM3**,0.529,2,8980,10010,5325140,5304,A,BB300,일반강
8190963,20230706092633,4G8167, , ,0SM3**,0.527,6,8980,8780,5325140,5314,A,BB300,일반강
8190983,20230706094606,4G8167, , ,0SM3**,0.528,5,10080,9980,5977440,6016,A,BB300,일반강
8191003,20230706094404,4G8167, , ,0SM3**,0.531,1,11950,12000,7086350,7100,A,BB300,일반강
8191023,20230706094317,4G8167, , ,0SM3**,0.649,2,8980,8910,5325140,5342,A,BB300,일반강
8191043,20230706094653,4G8167, , ,0SM3**,0.649,4,10080,8390,5977440,6032,A,BB300,일반강
8191063,20230706094741,4G8167, , ,0SM3**,0.649,3,10080,9880,5977440,6062,A,BB300,일반강
8191083,20230706095032,4G8167, , ,0SM3**,0.649,6,10080,9880,5977440,6066,A,BB300,일반강
8191103,20230706100223,4G8168, , ,0TM3**,0.65,2,8490,8420,5034570,5084,A,BB300,일반강
8191123,20230706100048,4G8168, , ,0TM3**,0.649,4,8490,8390,5034570,5070,A,BB300,일반강
8191143,20230706095727,4G8168, , ,0TM3**,0.648,5,10080,9980,5977440,6032,A,BB300,일반강
8191163,20230706100135,4G8168, , ,0TM3**,0.65,3,8490,8290,5034570,5088,A,BB300,일반강
8191183,20230706095859,4G8168, , ,0TM3**,0.649,1,10080,10130,5977440,6024,A,BB300,일반강
8191203,20230706100346,4G8168, , ,0TM3**,0.649,6,8490,8290,5034570,5086,A,BB300,일반강
8191223,20230706101248,4G8168, , ,0TM3**,0.653,2,8410,8420,4987130,4948,A,BB300,일반강
8191243,20230706101013,4G8168, , ,0TM3**,0.648,4,8410,8390,4987130,4928,A,BB300,일반강
8191244,20230706100926,4G8168, , ,0TM3**,0.651,5,8410,8390,4987130,4950,A,BB300,일반강
8191245,20230706101201,4G8168, , ,0TM3**,0.648,3,8410,8290,4987130,4936,A,BB300,일반강
8191263,20230706101336,4G8168, , ,0TM3**,0.649,1,8410,8540,4987130,4932,A,BB300,일반강
8191264,20230706100839,4G8168, , ,0TM3**,0.648,6,8490,8290,5034570,4974,A,BB300,일반강
8191283,20230706102551,4G8168, , ,0TM3**,0.648,2,8490,8720,5034570,5028,A,BB300,일반강
8191303,20230706102340,4G8168, , ,0TM3**,0.65,4,8490,8690,5034570,4998,A,BB300,일반강
8191323,20230706102253,4G8168, , ,0TM3**,0.649,5,8490,8440,5034570,5002,A,BB300,일반강
8191324,20230706102503,4G8168, , ,0TM3**,0.648,3,8490,8340,5034570,5020,A,BB300,일반강
8191343,20230706102205,4G8168, , ,0TM3**,0.651,6,8410,8340,4987130,4952,A,BB300,일반강
8191363,20230706102638,4G8168, , ,0TM3**,0.649,1,8490,8590,5034570,5008,A,BB300,일반강
8191383,20230706104234,4G8169, , ,0HM3**,0.649,2,8740,8720,5182820,5288,A,BB300,일반강
8191384,20230706103727,4G8169, , ,0HM3**,0.648,3,8490,8590,5034570,5160,A,BB300,일반강
8191385,20230706103641,4G8168, , ,0TM3**,0.65,5,8490,8690,5034570,5122,A,BB300,일반강
8191403,20230706104148,4G8169, , ,0HM3**,0.65,4,8740,8690,5182820,5292,A,BB300,일반강
8191423,20230706103553,4G8168, , ,0TM3**,0.65,6,8490,8590,5034570,5172,A,BB300,일반강
8191443,20230706104026,4G8169, , ,0HM3**,0.649,1,8490,8840,5034570,5124,A,BB300,일반강
8191944,20230707020220,4G8170, , ,0TM3**,0.559,1,8980,8980,5325140,5244,B,BB300,일반강
8191945,20230707020051,4G8170, , ,0TM3**,0.56,3,8980,8980,5325140,5398,B,BB300,일반강
8191963,20230707015900,4G8170, , ,0TM3**,0.557,5,8940,8980,5301420,5342,B,BB300,일반강
8191964,20230707015938,4G8170, , ,0TM3**,0.556,4,8940,8980,5301420,5300,B,BB300,일반강
8191965,20230707020135,4G8170, , ,0TM3**,0.561,2,8980,8980,5325140,5328,B,BB300,일반강
8191983,20230707021323,4G8170, , ,0TM3**,0.557,6,8980,8980,5325140,5442,B,BB300,일반강
8191984,20230707021458,4G8170, , ,0TM3**,0.558,3,8980,8950,5325140,5410,B,BB300,일반강
8192003,20230707021410,4G8170, , ,0TM3**,0.558,5,8980,8980,5325140,5380,B,BB300,일반강
8192004,20230707021754,4G8170, , ,0TM3**,0.555,1,8980,9150,5325140,5370,B,BB300,일반강
8192023,20230707021708,4G8170, , ,0TM3**,0.56,2,8980,9000,5325140,5368,B,BB300,일반강
8192043,20230707021620,4G8170, , ,0TM3**,0.56,4,8980,9020,5325140,5392,B,BB300,일반강
8192063,20230707023024,4G8170, , ,0TM3**,0.588,3,8980,8880,5325140,5376,B,BB300,일반강
8192083,20230707022850,4G8170, , ,0TM3**,0.589,6,8980,8880,5325140,5388,B,BB300,일반강
8192103,20230707022938,4G8170, , ,0TM3**,0.594,5,8980,8970,5325140,5374,B,BB300,일반강
8192123,20230707023321,4G8170, , ,0TM3**,0.59,1,8980,9150,5325140,5374,B,BB300,일반강
8192124,20230707023148,4G8170, , ,0TM3**,0.59,4,8980,8960,5325140,5368,B,BB300,일반강
8192125,20230707023236,4G8170, , ,0TM3**,0.589,2,8980,8980,5325140,5356,B,BB300,일반강
8192143,20230707024518,4G8170, , ,0TM3**,0.589,3,8980,8850,5325140,5346,B,BB300,일반강
8192163,20230707024344,4G8170, , ,0TM3**,0.589,6,8980,8870,5325140,5358,B,BB300,일반강
8192183,20230707024432,4G8170, , ,0TM3**,0.59,5,8980,8940,5325140,5342,B,BB300,일반강
8192203,20230707024731,4G8170, , ,0TM3**,0.59,2,8980,8980,5325140,5342,B,BB300,일반강
8192204,20230707024642,4G8170, , ,0TM3**,0.589,4,8980,8940,5325140,5346,B,BB300,일반강
8192205,20230707024818,4G8170, , ,0TM3**,0.59,1,8980,9110,5325140,5342,B,BB300,일반강
8192223,20230707030018,4G8171, , ,0TM3**,0.587,3,8980,8860,5325140,5346,B,BB300,일반강
8192243,20230707025841,4G8171, , ,0TM3**,0.589,6,8980,8860,5325140,5360,B,BB300,일반강
8192263,20230707025930,4G8171, , ,0TM3**,0.589,5,8980,8950,5325140,5346,B,BB300,일반강
8192283,20230707030140,4G8171, , ,0TM3**,0.589,4,8980,8950,5325140,5344,B,BB300,일반강
8192284,20230707030226,4G8171, , ,0TM3**,0.588,2,8980,9000,5325140,5354,B,BB300,일반강
8192303,20230707030312,4G8171, , ,0TM3**,0.589,1,8980,9130,5325140,5348,B,BB300,일반강
8192323,20230707031511,4G8171, , ,0TM3**,0.588,3,8980,8880,5325140,5376,B,BB300,일반강
8192343,20230707031334,4G8171, , ,0TM3**,0.593,6,8980,8860,5325140,5370,B,BB300,일반강
8192363,20230707031421,4G8171, , ,0TM3**,0.59,5,8980,8960,5325140,5372,B,BB300,일반강
8192383,20230707031630,4G8171, , ,0TM3**,0.589,4,8980,8960,5325140,5350,B,BB300,일반강
8192403,20230707031718,4G8171, , ,0TM3**,0.59,2,8980,9000,5325140,5360,B,BB300,일반강
8192423,20230707031805,4G8171, , ,0TM3**,0.592,1,8980,9130,5325140,5344,B,BB300,일반강
8192443,20230707033211,4G8171, , ,0TM3**,0.589,3,8410,8620,4987130,5038,B,BB300,일반강
8192463,20230707032916,4G8171, , ,0TM3**,0.591,6,8980,8280,5325140,5394,B,BB300,일반강
8192483,20230707033257,4G8171, , ,0TM3**,0.589,2,8410,8760,4987130,5042,B,BB300,일반강
8192503,20230707033001,4G8171, , ,0TM3**,0.589,5,8980,8940,5325140,5388,B,BB300,일반강
8192504,20230707033343,4G8171, , ,0TM3**,0.589,1,8410,8890,4987130,5044,B,BB300,일반강
8192523,20230707033048,4G8171, , ,0TM3**,0.591,4,8980,8960,5325140,5392,B,BB300,일반강
8192543,20230707034618,4G8171, , ,0TM3**,0.588,3,8740,8860,5182820,5258,B,BB300,일반강
8192563,20230707034258,4G8171, , ,0TM3**,0.591,6,8410,8590,4987130,5048,B,BB300,일반강
8192583,20230707034346,4G8171, , ,0TM3**,0.588,5,8410,8700,4987130,5040,B,BB300,일반강
8192603,20230707034705,4G8171, , ,0TM3**,0.59,2,8740,9000,5182820,5248,B,BB300,일반강
8192623,20230707034432,4G8171, , ,0TM3**,0.59,4,8410,8960,4987130,5064,B,BB300,일반강
8192643,20230707034752,4G8171, , ,0TM3**,0.589,1,8740,9130,5182820,5238,B,BB300,일반강
8192663,20230707035844,4G8172, , ,0TM3**,0.589,3,8980,8860,5325140,5408,B,BB300,일반강
8192683,20230707035709,4G8172, , ,0TM3**,0.585,6,8740,8780,5182820,5226,B,BB300,일반강
8192703,20230707035756,4G8172, , ,0TM3**,0.589,5,8740,8890,5182820,5222,B,BB300,일반강
8192723,20230707040055,4G8172, , ,0TM3**,0.589,2,8980,8930,5325140,5354,B,BB300,일반강
8192743,20230707040009,4G8172, , ,0TM3**,0.589,4,8980,8900,5325140,5380,B,BB300,일반강
8192763,20230707040142,4G8172, , ,0TM3**,0.589,1,8980,9070,5325140,5374,B,BB300,일반강
8192783,20230707041314,4G8172, , ,0TM3**,0.591,3,8980,10050,5325140,5342,B,BB300,일반강
8192803,20230707041138,4G8172, , ,0TM3**,0.589,6,8980,8740,5325140,5354,B,BB300,일반강
8192823,20230707041227,4G8172, , ,0TM3**,0.588,5,8980,8880,5325140,5358,B,BB300,일반강
8192843,20230707041523,4G8172, , ,0TM3**,0.586,2,8980,8920,5325140,5354,B,BB300,일반강
8192863,20230707041435,4G8172, , ,0TM3**,0.589,4,8980,8880,5325140,5366,B,BB300,일반강
8192883,20230707041610,4G8172, , ,0TM3**,0.59,1,8980,9020,5325140,5344,B,BB300,일반강
8192903,20230707042835,4G8172, , ,0TM3**,0.593,6,8980,10040,5325140,5348,B,BB300,일반강
8192923,20230707043132,4G8172, , ,0TM3**,0.59,5,8980,10170,5325140,5350,B,BB300,일반강
8192943,20230707043307,4G8172, , ,0TM3**,0.525,3,10290,10090,6101970,6172,B,BB300,일반강
8192963,20230707042922,4G8172, , ,0TM3**,0.53,2,8980,10230,5325140,5356,B,BB300,일반강
8192964,20230707043217,4G8172, , ,0TM3**,0.531,4,8980,10150,5325140,5340,B,BB300,일반강
8192983,20230707043008,4G8172, , ,0TM3**,0.529,1,8980,10340,5325140,5348,B,BB300,일반강
8193003,20230707044504,4G8172, , ,0TM3**,0.53,6,10290,10040,6101970,6128,B,BB300,일반강
8193023,20230707044552,4G8172, , ,0TM3**,0.528,5,10290,10170,6101970,6086,B,BB300,일반강
8193024,20230707044638,4G8172, , ,0TM3**,0.529,3,10290,10090,6101970,6152,B,BB300,일반강
8193043,20230707044800,4G8172, , ,0TM3**,0.53,4,10290,10150,6101970,6090,B,BB300,일반강
8193044,20230707044847,4G8172, , ,0TM3**,0.53,2,10290,10230,6101970,6120,B,BB300,일반강
8193063,20230707044932,4G8173, , ,T1M**,0.53,1,10290,10340,6101970,6102,B,BB300,일반강
8193083,20230707050324,4G8173, , ,T1M**,0.53,6,10290,10040,6101970,6106,B,BB300,일반강
8193103,20230707050457,4G8173, , ,T1M**,0.53,3,10290,10070,6101970,6122,B,BB300,일반강
8193104,20230707050409,4G8173, , ,T1M**,0.527,5,10290,10250,6101970,6108,B,BB300,일반강
8193123,20230707050641,4G8173, , ,T1M**,0.529,4,10290,10170,6101970,6106,B,BB300,일반강
8193124,20230707050810,4G8173, , ,T1M**,0.529,2,10290,10230,6101970,6116,B,BB300,일반강
8193143,20230707050856,4G8173, , ,T1M**,0.53,1,10290,10440,6101970,6116,B,BB300,일반강
8193163,20230707052219,4G8173, , ,T1M**,0.531,6,10290,10110,6101970,6132,B,BB300,일반강
8193183,20230707052352,4G8173, , ,T1M**,0.529,3,10080,10530,5977440,6022,B,BB300,일반강
8193203,20230707052304,4G8173, , ,T1M**,0.527,5,10290,10640,6101970,6130,B,BB300,일반강
8193223,20230707052539,4G8173, , ,T1M**,0.529,4,10080,10640,5977440,6008,B,BB300,일반강
8193224,20230707052648,4G8173, , ,T1M**,0.531,2,10080,10690,5977440,6012,B,BB300,일반강
8193243,20230707052733,4G8173, , ,T1M**,0.529,1,10080,10860,5977440,6002,B,BB300,일반강
8193263,20230707054215,4G8173, , ,T1M**,0.531,6,10080,10490,5977440,5916,B,BB300,일반강
8193283,20230707054349,4G8173, , ,T1M**,0.53,3,10680,10510,6333240,6294,B,BB300,일반강
8193303,20230707054303,4G8173, , ,T1M**,0.528,5,10680,10630,6333240,6306,B,BB300,일반강
8193323,20230707054617,4G8173, , ,T1M**,0.53,4,10680,10640,6333240,6330,B,BB300,일반강
8193343,20230707054705,4G8173, , ,T1M**,0.529,2,10680,10690,6333240,6334,B,BB300,일반강
8193363,20230707054751,4G8173, , ,T1M**,0.529,1,10680,10860,6333240,6328,B,BB300,일반강
